recid,year,amount,dept_code,cofog_level1_code,cofog_level2_code,cofog_level3_code,pog,id_or_non_id,cap_or_cur,cg_lg_or_pc,nuts_region
2004-0,2004,82144.46,Dept020,04,04.3,,P31 S040604,ID,CAP,CG,SCOTLAND
2005-0,2005,61273.26,Dept020,04,04.3,,P31 S040604,ID,CAP,CG,SCOTLAND
2006-0,2006,72283.30,Dept020,04,04.3,,P31 S040604,ID,CAP,CG,SCOTLAND
2007-0,2007,71900.34,Dept020,04,04.3,,P31 S040604,ID,CAP,CG,SCOTLAND
2008-0,2008,82048.72,Dept020,04,04.3,,P31 S040604,ID,CAP,CG,SCOTLAND
2009-0,2009,90952.49,Dept020,04,04.3,,P31 S040604,ID,CAP,CG,SCOTLAND
2010-0,2010,90952.49,Dept020,04,04.3,,P31 S040604,ID,CAP,CG,SCOTLAND
2004-1,2004,44880.11,Dept020,04,04.3,,P31 S040604,ID,CAP,CG,WALES
2005-1,2005,33477.01,Dept020,04,04.3,,P31 S040604,ID,CAP,CG,WALES
2006-1,2006,39492.41,Dept020,04,04.3,,P31 S040604,ID,CAP,CG,WALES
2007-1,2007,39283.17,Dept020,04,04.3,,P31 S040604,ID,CAP,CG,WALES
2008-1,2008,44827.80,Dept020,04,04.3,,P31 S040604,ID,CAP,CG,WALES
2009-1,2009,49692.43,Dept020,04,04.3,,P31 S040604,ID,CAP,CG,WALES
2010-1,2010,49692.43,Dept020,04,04.3,,P31 S040604,ID,CAP,CG,WALES
2004-2,2004,0.00,Dept020,04,04.3,,P31 S040604,ID,CAP,CG,NORTHERN IRELAND
2005-2,2005,0.00,Dept020,04,04.3,,P31 S040604,ID,CAP,CG,NORTHERN IRELAND
2006-2,2006,0.00,Dept020,04,04.3,,P31 S040604,ID,CAP,CG,NORTHERN IRELAND
2007-2,2007,0.00,Dept020,04,04.3,,P31 S040604,ID,CAP,CG,NORTHERN IRELAND
2008-2,2008,0.00,Dept020,04,04.3,,P31 S040604,ID,CAP,CG,NORTHERN IRELAND
2009-2,2009,0.00,Dept020,04,04.3,,P31 S040604,ID,CAP,CG,NORTHERN IRELAND
2010-2,2010,0.00,Dept020,04,04.3,,P31 S040604,ID,CAP,CG,NORTHERN IRELAND
2004-3,2004,40382.04,Dept020,04,04.3,,P31 S040604,ID,CAP,CG,ENGLAND_North East
2005-3,2005,30121.81,Dept020,04,04.3,,P31 S040604,ID,CAP,CG,ENGLAND_North East
2006-3,2006,35534.32,Dept020,04,04.3,,P31 S040604,ID,CAP,CG,ENGLAND_North East
2007-3,2007,35346.06,Dept020,04,04.3,,P31 S040604,ID,CAP,CG,ENGLAND_North East
2008-3,2008,40334.98,Dept020,04,04.3,,P31 S040604,ID,CAP,CG,ENGLAND_North East
2009-3,2009,44712.05,Dept020,04,04.3,,P31 S040604,ID,CAP,CG,ENGLAND_North East
2010-3,2010,44712.05,Dept020,04,04.3,,P31 S040604,ID,CAP,CG,ENGLAND_North East
2004-4,2004,105479.62,Dept020,04,04.3,,P31 S040604,ID,CAP,CG,ENGLAND_North West
2005-4,2005,78679.44,Dept020,04,04.3,,P31 S040604,ID,CAP,CG,ENGLAND_North West
2006-4,2006,92817.15,Dept020,04,04.3,,P31 S040604,ID,CAP,CG,ENGLAND_North West
2007-4,2007,92325.40,Dept020,04,04.3,,P31 S040604,ID,CAP,CG,ENGLAND_North West
2008-4,2008,105356.68,Dept020,04,04.3,,P31 S040604,ID,CAP,CG,ENGLAND_North West
2009-4,2009,116789.79,Dept020,04,04.3,,P31 S040604,ID,CAP,CG,ENGLAND_North West
2010-4,2010,116789.79,Dept020,04,04.3,,P31 S040604,ID,CAP,CG,ENGLAND_North West
2004-5,2004,79889.36,Dept020,04,04.3,,P31 S040604,ID,CAP,CG,ENGLAND_Yorkshire and The Humber
2005-5,2005,59591.13,Dept020,04,04.3,,P31 S040604,ID,CAP,CG,ENGLAND_Yorkshire and The Humber
2006-5,2006,70298.91,Dept020,04,04.3,,P31 S040604,ID,CAP,CG,ENGLAND_Yorkshire and The Humber
2007-5,2007,69926.47,Dept020,04,04.3,,P31 S040604,ID,CAP,CG,ENGLAND_Yorkshire and The Humber
2008-5,2008,79796.25,Dept020,04,04.3,,P31 S040604,ID,CAP,CG,ENGLAND_Yorkshire and The Humber
2009-5,2009,88455.59,Dept020,04,04.3,,P31 S040604,ID,CAP,CG,ENGLAND_Yorkshire and The Humber
2010-5,2010,88455.59,Dept020,04,04.3,,P31 S040604,ID,CAP,CG,ENGLAND_Yorkshire and The Humber
2004-6,2004,64006.57,Dept020,04,04.3,,P31 S040604,ID,CAP,CG,ENGLAND_East Midlands
2005-6,2005,47743.83,Dept020,04,04.3,,P31 S040604,ID,CAP,CG,ENGLAND_East Midlands
2006-6,2006,56322.80,Dept020,04,04.3,,P31 S040604,ID,CAP,CG,ENGLAND_East Midlands
2007-6,2007,56024.40,Dept020,04,04.3,,P31 S040604,ID,CAP,CG,ENGLAND_East Midlands
2008-6,2008,63931.97,Dept020,04,04.3,,P31 S040604,ID,CAP,CG,ENGLAND_East Midlands
2009-6,2009,70869.75,Dept020,04,04.3,,P31 S040604,ID,CAP,CG,ENGLAND_East Midlands
2010-6,2010,70869.75,Dept020,04,04.3,,P31 S040604,ID,CAP,CG,ENGLAND_East Midlands
2004-7,2004,76982.19,Dept020,04,04.3,,P31 S040604,ID,CAP,CG,ENGLAND_West Midlands
2005-7,2005,57422.61,Dept020,04,04.3,,P31 S040604,ID,CAP,CG,ENGLAND_West Midlands
2006-7,2006,67740.74,Dept020,04,04.3,,P31 S040604,ID,CAP,CG,ENGLAND_West Midlands
2007-7,2007,67381.84,Dept020,04,04.3,,P31 S040604,ID,CAP,CG,ENGLAND_West Midlands
2008-7,2008,76892.46,Dept020,04,04.3,,P31 S040604,ID,CAP,CG,ENGLAND_West Midlands
2009-7,2009,85236.69,Dept020,04,04.3,,P31 S040604,ID,CAP,CG,ENGLAND_West Midlands
2010-7,2010,85236.69,Dept020,04,04.3,,P31 S040604,ID,CAP,CG,ENGLAND_West Midlands
2004-8,2004,76605.76,Dept020,04,04.3,,P31 S040604,ID,CAP,CG,ENGLAND_East
2005-8,2005,57141.83,Dept020,04,04.3,,P31 S040604,ID,CAP,CG,ENGLAND_East
2006-8,2006,67409.50,Dept020,04,04.3,,P31 S040604,ID,CAP,CG,ENGLAND_East
2007-8,2007,67052.37,Dept020,04,04.3,,P31 S040604,ID,CAP,CG,ENGLAND_East
2008-8,2008,76516.48,Dept020,04,04.3,,P31 S040604,ID,CAP,CG,ENGLAND_East
2009-8,2009,84819.90,Dept020,04,04.3,,P31 S040604,ID,CAP,CG,ENGLAND_East
2010-8,2010,84819.90,Dept020,04,04.3,,P31 S040604,ID,CAP,CG,ENGLAND_East
2004-9,2004,110964.57,Dept020,04,04.3,,P31 S040604,ID,CAP,CG,ENGLAND_London
2005-9,2005,82770.77,Dept020,04,04.3,,P31 S040604,ID,CAP,CG,ENGLAND_London
2006-9,2006,97643.64,Dept020,04,04.3,,P31 S040604,ID,CAP,CG,ENGLAND_London
2007-9,2007,97126.33,Dept020,04,04.3,,P31 S040604,ID,CAP,CG,ENGLAND_London
2008-9,2008,110835.24,Dept020,04,04.3,,P31 S040604,ID,CAP,CG,ENGLAND_London
2009-9,2009,122862.86,Dept020,04,04.3,,P31 S040604,ID,CAP,CG,ENGLAND_London
2010-9,2010,122862.86,Dept020,04,04.3,,P31 S040604,ID,CAP,CG,ENGLAND_London
2004-10,2004,111245.87,Dept020,04,04.3,,P31 S040604,ID,CAP,CG,ENGLAND_South East
2005-10,2005,82980.60,Dept020,04,04.3,,P31 S040604,ID,CAP,CG,ENGLAND_South East
2006-10,2006,97891.18,Dept020,04,04.3,,P31 S040604,ID,CAP,CG,ENGLAND_South East
2007-10,2007,97372.55,Dept020,04,04.3,,P31 S040604,ID,CAP,CG,ENGLAND_South East
2008-10,2008,111116.22,Dept020,04,04.3,,P31 S040604,ID,CAP,CG,ENGLAND_South East
2009-10,2009,123174.33,Dept020,04,04.3,,P31 S040604,ID,CAP,CG,ENGLAND_South East
2010-10,2010,123174.33,Dept020,04,04.3,,P31 S040604,ID,CAP,CG,ENGLAND_South East
2004-11,2004,65419.44,Dept020,04,04.3,,P31 S040604,ID,CAP,CG,ENGLAND_South West
2005-11,2005,48797.72,Dept020,04,04.3,,P31 S040604,ID,CAP,CG,ENGLAND_South West
2006-11,2006,57566.06,Dept020,04,04.3,,P31 S040604,ID,CAP,CG,ENGLAND_South West
2007-11,2007,57261.07,Dept020,04,04.3,,P31 S040604,ID,CAP,CG,ENGLAND_South West
2008-11,2008,65343.19,Dept020,04,04.3,,P31 S040604,ID,CAP,CG,ENGLAND_South West
2009-11,2009,72434.11,Dept020,04,04.3,,P31 S040604,ID,CAP,CG,ENGLAND_South West
2010-11,2010,72434.11,Dept020,04,04.3,,P31 S040604,ID,CAP,CG,ENGLAND_South West
2004-12,2004,0.00,Dept020,04,04.3,,P31 S040604,ID,CAP,CG,OUTSIDE UK
2005-12,2005,0.00,Dept020,04,04.3,,P31 S040604,ID,CAP,CG,OUTSIDE UK
2006-12,2006,0.00,Dept020,04,04.3,,P31 S040604,ID,CAP,CG,OUTSIDE UK
2007-12,2007,0.00,Dept020,04,04.3,,P31 S040604,ID,CAP,CG,OUTSIDE UK
2008-12,2008,0.00,Dept020,04,04.3,,P31 S040604,ID,CAP,CG,OUTSIDE UK
2009-12,2009,0.00,Dept020,04,04.3,,P31 S040604,ID,CAP,CG,OUTSIDE UK
2010-12,2010,0.00,Dept020,04,04.3,,P31 S040604,ID,CAP,CG,OUTSIDE UK
2004-13,2004,3582092.17,Dept020,04,04.3,,P31 S040604,ID,CUR,CG,SCOTLAND
2005-13,2005,3045280.97,Dept020,04,04.3,,P31 S040604,ID,CUR,CG,SCOTLAND
2006-13,2006,3249780.48,Dept020,04,04.3,,P31 S040604,ID,CUR,CG,SCOTLAND
2007-13,2007,3323499.87,Dept020,04,04.3,,P31 S040604,ID,CUR,CG,SCOTLAND
2008-13,2008,3353562.06,Dept020,04,04.3,,P31 S040604,ID,CUR,CG,SCOTLAND
2009-13,2009,5085106.06,Dept020,04,04.3,,P31 S040604,ID,CUR,CG,SCOTLAND
2010-13,2010,3819143.09,Dept020,04,04.3,,P31 S040604,ID,CUR,CG,SCOTLAND
2004-14,2004,1957097.14,Dept020,04,04.3,,P31 S040604,ID,CUR,CG,WALES
2005-14,2005,1663807.19,Dept020,04,04.3,,P31 S040604,ID,CUR,CG,WALES
2006-14,2006,1775536.69,Dept020,04,04.3,,P31 S040604,ID,CUR,CG,WALES
2007-14,2007,1815813.71,Dept020,04,04.3,,P31 S040604,ID,CUR,CG,WALES
2008-14,2008,1832238.37,Dept020,04,04.3,,P31 S040604,ID,CUR,CG,WALES
2009-14,2009,2778277.63,Dept020,04,04.3,,P31 S040604,ID,CUR,CG,WALES
2010-14,2010,2086611.31,Dept020,04,04.3,,P31 S040604,ID,CUR,CG,WALES
2004-15,2004,0.00,Dept020,04,04.3,,P31 S040604,ID,CUR,CG,NORTHERN IRELAND
2005-15,2005,0.00,Dept020,04,04.3,,P31 S040604,ID,CUR,CG,NORTHERN IRELAND
2006-15,2006,0.00,Dept020,04,04.3,,P31 S040604,ID,CUR,CG,NORTHERN IRELAND
2007-15,2007,0.00,Dept020,04,04.3,,P31 S040604,ID,CUR,CG,NORTHERN IRELAND
2008-15,2008,0.00,Dept020,04,04.3,,P31 S040604,ID,CUR,CG,NORTHERN IRELAND
2009-15,2009,0.00,Dept020,04,04.3,,P31 S040604,ID,CUR,CG,NORTHERN IRELAND
2010-15,2010,0.00,Dept020,04,04.3,,P31 S040604,ID,CUR,CG,NORTHERN IRELAND
2004-16,2004,1760948.96,Dept020,04,04.3,,P31 S040604,ID,CUR,CG,ENGLAND_North East
2005-16,2005,1497053.71,Dept020,04,04.3,,P31 S040604,ID,CUR,CG,ENGLAND_North East
2006-16,2006,1597585.23,Dept020,04,04.3,,P31 S040604,ID,CUR,CG,ENGLAND_North East
2007-16,2007,1633825.53,Dept020,04,04.3,,P31 S040604,ID,CUR,CG,ENGLAND_North East
2008-16,2008,1648604.04,Dept020,04,04.3,,P31 S040604,ID,CUR,CG,ENGLAND_North East
2009-16,2009,2499827.43,Dept020,04,04.3,,P31 S040604,ID,CUR,CG,ENGLAND_North East
2010-16,2010,1877482.70,Dept020,04,04.3,,P31 S040604,ID,CUR,CG,ENGLAND_North East
2004-17,2004,4599673.64,Dept020,04,04.3,,P31 S040604,ID,CUR,CG,ENGLAND_North West
2005-17,2005,3910368.01,Dept020,04,04.3,,P31 S040604,ID,CUR,CG,ENGLAND_North West
2006-17,2006,4172960.63,Dept020,04,04.3,,P31 S040604,ID,CUR,CG,ENGLAND_North West
2007-17,2007,4267621.83,Dept020,04,04.3,,P31 S040604,ID,CUR,CG,ENGLAND_North West
2008-17,2008,4306223.93,Dept020,04,04.3,,P31 S040604,ID,CUR,CG,ENGLAND_North West
2009-17,2009,6529655.63,Dept020,04,04.3,,P31 S040604,ID,CUR,CG,ENGLAND_North West
2010-17,2010,4904064.71,Dept020,04,04.3,,P31 S040604,ID,CUR,CG,ENGLAND_North West
2004-18,2004,3483753.48,Dept020,04,04.3,,P31 S040604,ID,CUR,CG,ENGLAND_Yorkshire and The Humber
2005-18,2005,2961679.29,Dept020,04,04.3,,P31 S040604,ID,CUR,CG,ENGLAND_Yorkshire and The Humber
2006-18,2006,3160564.70,Dept020,04,04.3,,P31 S040604,ID,CUR,CG,ENGLAND_Yorkshire and The Humber
2007-18,2007,3232260.28,Dept020,04,04.3,,P31 S040604,ID,CUR,CG,ENGLAND_Yorkshire and The Humber
2008-18,2008,3261497.18,Dept020,04,04.3,,P31 S040604,ID,CUR,CG,ENGLAND_Yorkshire and The Humber
2009-18,2009,4945505.34,Dept020,04,04.3,,P31 S040604,ID,CUR,CG,ENGLAND_Yorkshire and The Humber
2010-18,2010,3714296.68,Dept020,04,04.3,,P31 S040604,ID,CUR,CG,ENGLAND_Yorkshire and The Humber
2004-19,2004,2791148.98,Dept020,04,04.3,,P31 S040604,ID,CUR,CG,ENGLAND_East Midlands
2005-19,2005,2372868.28,Dept020,04,04.3,,P31 S040604,ID,CUR,CG,ENGLAND_East Midlands
2006-19,2006,2532213.31,Dept020,04,04.3,,P31 S040604,ID,CUR,CG,ENGLAND_East Midlands
2007-19,2007,2589655.10,Dept020,04,04.3,,P31 S040604,ID,CUR,CG,ENGLAND_East Midlands
2008-19,2008,2613079.42,Dept020,04,04.3,,P31 S040604,ID,CUR,CG,ENGLAND_East Midlands
2009-19,2009,3962290.18,Dept020,04,04.3,,P31 S040604,ID,CUR,CG,ENGLAND_East Midlands
2010-19,2010,2975857.92,Dept020,04,04.3,,P31 S040604,ID,CUR,CG,ENGLAND_East Midlands
2004-20,2004,3356979.61,Dept020,04,04.3,,P31 S040604,ID,CUR,CG,ENGLAND_West Midlands
2005-20,2005,2853903.72,Dept020,04,04.3,,P31 S040604,ID,CUR,CG,ENGLAND_West Midlands
2006-20,2006,3045551.68,Dept020,04,04.3,,P31 S040604,ID,CUR,CG,ENGLAND_West Midlands
2007-20,2007,3114638.25,Dept020,04,04.3,,P31 S040604,ID,CUR,CG,ENGLAND_West Midlands
2008-20,2008,3142811.22,Dept020,04,04.3,,P31 S040604,ID,CUR,CG,ENGLAND_West Midlands
2009-20,2009,4765538.29,Dept020,04,04.3,,P31 S040604,ID,CUR,CG,ENGLAND_West Midlands
2010-20,2010,3579133.33,Dept020,04,04.3,,P31 S040604,ID,CUR,CG,ENGLAND_West Midlands
2004-21,2004,3340564.90,Dept020,04,04.3,,P31 S040604,ID,CUR,CG,ENGLAND_East
2005-21,2005,2839948.90,Dept020,04,04.3,,P31 S040604,ID,CUR,CG,ENGLAND_East
2006-21,2006,3030659.76,Dept020,04,04.3,,P31 S040604,ID,CUR,CG,ENGLAND_East
2007-21,2007,3099408.52,Dept020,04,04.3,,P31 S040604,ID,CUR,CG,ENGLAND_East
2008-21,2008,3127443.73,Dept020,04,04.3,,P31 S040604,ID,CUR,CG,ENGLAND_East
2009-21,2009,4742236.11,Dept020,04,04.3,,P31 S040604,ID,CUR,CG,ENGLAND_East
2010-21,2010,3561632.35,Dept020,04,04.3,,P31 S040604,ID,CUR,CG,ENGLAND_East
2004-22,2004,4838856.88,Dept020,04,04.3,,P31 S040604,ID,CUR,CG,ENGLAND_London
2005-22,2005,4113707.33,Dept020,04,04.3,,P31 S040604,ID,CUR,CG,ENGLAND_London
2006-22,2006,4389954.78,Dept020,04,04.3,,P31 S040604,ID,CUR,CG,ENGLAND_London
2007-22,2007,4489538.36,Dept020,04,04.3,,P31 S040604,ID,CUR,CG,ENGLAND_London
2008-22,2008,4530147.77,Dept020,04,04.3,,P31 S040604,ID,CUR,CG,ENGLAND_London
2009-22,2009,6869198.04,Dept020,04,04.3,,P31 S040604,ID,CUR,CG,ENGLAND_London
2010-22,2010,5159076.30,Dept020,04,04.3,,P31 S040604,ID,CUR,CG,ENGLAND_London
2004-23,2004,4851123.91,Dept020,04,04.3,,P31 S040604,ID,CUR,CG,ENGLAND_South East
2005-23,2005,4124136.03,Dept020,04,04.3,,P31 S040604,ID,CUR,CG,ENGLAND_South East
2006-23,2006,4401083.79,Dept020,04,04.3,,P31 S040604,ID,CUR,CG,ENGLAND_South East
2007-23,2007,4500919.83,Dept020,04,04.3,,P31 S040604,ID,CUR,CG,ENGLAND_South East
2008-23,2008,4541632.19,Dept020,04,04.3,,P31 S040604,ID,CUR,CG,ENGLAND_South East
2009-23,2009,6886612.20,Dept020,04,04.3,,P31 S040604,ID,CUR,CG,ENGLAND_South East
2010-23,2010,5172155.12,Dept020,04,04.3,,P31 S040604,ID,CUR,CG,ENGLAND_South East
2004-24,2004,2852760.33,Dept020,04,04.3,,P31 S040604,ID,CUR,CG,ENGLAND_South West
2005-24,2005,2425246.57,Dept020,04,04.3,,P31 S040604,ID,CUR,CG,ENGLAND_South West
2006-24,2006,2588108.95,Dept020,04,04.3,,P31 S040604,ID,CUR,CG,ENGLAND_South West
2007-24,2007,2646818.71,Dept020,04,04.3,,P31 S040604,ID,CUR,CG,ENGLAND_South West
2008-24,2008,2670760.09,Dept020,04,04.3,,P31 S040604,ID,CUR,CG,ENGLAND_South West
2009-24,2009,4049753.09,Dept020,04,04.3,,P31 S040604,ID,CUR,CG,ENGLAND_South West
2010-24,2010,3041546.50,Dept020,04,04.3,,P31 S040604,ID,CUR,CG,ENGLAND_South West
2004-25,2004,0.00,Dept020,04,04.3,,P31 S040604,ID,CUR,CG,OUTSIDE UK
2005-25,2005,0.00,Dept020,04,04.3,,P31 S040604,ID,CUR,CG,OUTSIDE UK
2006-25,2006,0.00,Dept020,04,04.3,,P31 S040604,ID,CUR,CG,OUTSIDE UK
2007-25,2007,0.00,Dept020,04,04.3,,P31 S040604,ID,CUR,CG,OUTSIDE UK
2008-25,2008,0.00,Dept020,04,04.3,,P31 S040604,ID,CUR,CG,OUTSIDE UK
2009-25,2009,0.00,Dept020,04,04.3,,P31 S040604,ID,CUR,CG,OUTSIDE UK
2010-25,2010,0.00,Dept020,04,04.3,,P31 S040604,ID,CUR,CG,OUTSIDE UK
2004-26,2004,67017.63,Dept020,04,04.3,,P31CLI1,ID,CUR,CG,SCOTLAND
2005-26,2005,56773.50,Dept020,04,04.3,,P31CLI1,ID,CUR,CG,SCOTLAND
2006-26,2006,61751.96,Dept020,04,04.3,,P31CLI1,ID,CUR,CG,SCOTLAND
2007-26,2007,0.00,Dept020,04,04.3,,P31CLI1,ID,CUR,CG,SCOTLAND
2008-26,2008,0.00,Dept020,04,04.3,,P31CLI1,ID,CUR,CG,SCOTLAND
2009-26,2009,67017.63,Dept020,04,04.3,,P31CLI1,ID,CUR,CG,SCOTLAND
2010-26,2010,67017.63,Dept020,04,04.3,,P31CLI1,ID,CUR,CG,SCOTLAND
2004-27,2004,36615.48,Dept020,04,04.3,,P31CLI1,ID,CUR,CG,WALES
2005-27,2005,31018.54,Dept020,04,04.3,,P31CLI1,ID,CUR,CG,WALES
2006-27,2006,33738.54,Dept020,04,04.3,,P31CLI1,ID,CUR,CG,WALES
2007-27,2007,0.00,Dept020,04,04.3,,P31CLI1,ID,CUR,CG,WALES
2008-27,2008,0.00,Dept020,04,04.3,,P31CLI1,ID,CUR,CG,WALES
2009-27,2009,36615.48,Dept020,04,04.3,,P31CLI1,ID,CUR,CG,WALES
2010-27,2010,36615.48,Dept020,04,04.3,,P31CLI1,ID,CUR,CG,WALES
2004-28,2004,0.00,Dept020,04,04.3,,P31CLI1,ID,CUR,CG,NORTHERN IRELAND
2005-28,2005,0.00,Dept020,04,04.3,,P31CLI1,ID,CUR,CG,NORTHERN IRELAND
2006-28,2006,0.00,Dept020,04,04.3,,P31CLI1,ID,CUR,CG,NORTHERN IRELAND
2007-28,2007,0.00,Dept020,04,04.3,,P31CLI1,ID,CUR,CG,NORTHERN IRELAND
2008-28,2008,0.00,Dept020,04,04.3,,P31CLI1,ID,CUR,CG,NORTHERN IRELAND
2009-28,2009,0.00,Dept020,04,04.3,,P31CLI1,ID,CUR,CG,NORTHERN IRELAND
2010-28,2010,0.00,Dept020,04,04.3,,P31CLI1,ID,CUR,CG,NORTHERN IRELAND
2004-29,2004,32945.72,Dept020,04,04.3,,P31CLI1,ID,CUR,CG,ENGLAND_North East
2005-29,2005,27909.73,Dept020,04,04.3,,P31CLI1,ID,CUR,CG,ENGLAND_North East
2006-29,2006,30357.13,Dept020,04,04.3,,P31CLI1,ID,CUR,CG,ENGLAND_North East
2007-29,2007,0.00,Dept020,04,04.3,,P31CLI1,ID,CUR,CG,ENGLAND_North East
2008-29,2008,0.00,Dept020,04,04.3,,P31CLI1,ID,CUR,CG,ENGLAND_North East
2009-29,2009,32945.72,Dept020,04,04.3,,P31CLI1,ID,CUR,CG,ENGLAND_North East
2010-29,2010,32945.72,Dept020,04,04.3,,P31CLI1,ID,CUR,CG,ENGLAND_North East
2004-30,2004,86055.63,Dept020,04,04.3,,P31CLI1,ID,CUR,CG,ENGLAND_North West
2005-30,2005,72901.42,Dept020,04,04.3,,P31CLI1,ID,CUR,CG,ENGLAND_North West
2006-30,2006,79294.12,Dept020,04,04.3,,P31CLI1,ID,CUR,CG,ENGLAND_North West
2007-30,2007,0.00,Dept020,04,04.3,,P31CLI1,ID,CUR,CG,ENGLAND_North West
2008-30,2008,0.00,Dept020,04,04.3,,P31CLI1,ID,CUR,CG,ENGLAND_North West
2009-30,2009,86055.63,Dept020,04,04.3,,P31CLI1,ID,CUR,CG,ENGLAND_North West
2010-30,2010,86055.63,Dept020,04,04.3,,P31CLI1,ID,CUR,CG,ENGLAND_North West
2004-31,2004,65177.80,Dept020,04,04.3,,P31CLI1,ID,CUR,CG,ENGLAND_Yorkshire and The Humber
2005-31,2005,55214.91,Dept020,04,04.3,,P31CLI1,ID,CUR,CG,ENGLAND_Yorkshire and The Humber
2006-31,2006,60056.69,Dept020,04,04.3,,P31CLI1,ID,CUR,CG,ENGLAND_Yorkshire and The Humber
2007-31,2007,0.00,Dept020,04,04.3,,P31CLI1,ID,CUR,CG,ENGLAND_Yorkshire and The Humber
2008-31,2008,0.00,Dept020,04,04.3,,P31CLI1,ID,CUR,CG,ENGLAND_Yorkshire and The Humber
2009-31,2009,65177.80,Dept020,04,04.3,,P31CLI1,ID,CUR,CG,ENGLAND_Yorkshire and The Humber
2010-31,2010,65177.80,Dept020,04,04.3,,P31CLI1,ID,CUR,CG,ENGLAND_Yorkshire and The Humber
2004-32,2004,52219.81,Dept020,04,04.3,,P31CLI1,ID,CUR,CG,ENGLAND_East Midlands
2005-32,2005,44237.64,Dept020,04,04.3,,P31CLI1,ID,CUR,CG,ENGLAND_East Midlands
2006-32,2006,48116.83,Dept020,04,04.3,,P31CLI1,ID,CUR,CG,ENGLAND_East Midlands
2007-32,2007,0.00,Dept020,04,04.3,,P31CLI1,ID,CUR,CG,ENGLAND_East Midlands
2008-32,2008,0.00,Dept020,04,04.3,,P31CLI1,ID,CUR,CG,ENGLAND_East Midlands
2009-32,2009,52219.81,Dept020,04,04.3,,P31CLI1,ID,CUR,CG,ENGLAND_East Midlands
2010-32,2010,52219.81,Dept020,04,04.3,,P31CLI1,ID,CUR,CG,ENGLAND_East Midlands
2004-33,2004,62805.98,Dept020,04,04.3,,P31CLI1,ID,CUR,CG,ENGLAND_West Midlands
2005-33,2005,53205.64,Dept020,04,04.3,,P31CLI1,ID,CUR,CG,ENGLAND_West Midlands
2006-33,2006,57871.22,Dept020,04,04.3,,P31CLI1,ID,CUR,CG,ENGLAND_West Midlands
2007-33,2007,0.00,Dept020,04,04.3,,P31CLI1,ID,CUR,CG,ENGLAND_West Midlands
2008-33,2008,0.00,Dept020,04,04.3,,P31CLI1,ID,CUR,CG,ENGLAND_West Midlands
2009-33,2009,62805.98,Dept020,04,04.3,,P31CLI1,ID,CUR,CG,ENGLAND_West Midlands
2010-33,2010,62805.98,Dept020,04,04.3,,P31CLI1,ID,CUR,CG,ENGLAND_West Midlands
2004-34,2004,62498.88,Dept020,04,04.3,,P31CLI1,ID,CUR,CG,ENGLAND_East
2005-34,2005,52945.48,Dept020,04,04.3,,P31CLI1,ID,CUR,CG,ENGLAND_East
2006-34,2006,57588.25,Dept020,04,04.3,,P31CLI1,ID,CUR,CG,ENGLAND_East
2007-34,2007,0.00,Dept020,04,04.3,,P31CLI1,ID,CUR,CG,ENGLAND_East
2008-34,2008,0.00,Dept020,04,04.3,,P31CLI1,ID,CUR,CG,ENGLAND_East
2009-34,2009,62498.88,Dept020,04,04.3,,P31CLI1,ID,CUR,CG,ENGLAND_East
2010-34,2010,62498.88,Dept020,04,04.3,,P31CLI1,ID,CUR,CG,ENGLAND_East
2004-35,2004,90530.53,Dept020,04,04.3,,P31CLI1,ID,CUR,CG,ENGLAND_London
2005-35,2005,76692.29,Dept020,04,04.3,,P31CLI1,ID,CUR,CG,ENGLAND_London
2006-35,2006,83417.42,Dept020,04,04.3,,P31CLI1,ID,CUR,CG,ENGLAND_London
2007-35,2007,0.00,Dept020,04,04.3,,P31CLI1,ID,CUR,CG,ENGLAND_London
2008-35,2008,0.00,Dept020,04,04.3,,P31CLI1,ID,CUR,CG,ENGLAND_London
2009-35,2009,90530.53,Dept020,04,04.3,,P31CLI1,ID,CUR,CG,ENGLAND_London
2010-35,2010,90530.53,Dept020,04,04.3,,P31CLI1,ID,CUR,CG,ENGLAND_London
2004-36,2004,90760.04,Dept020,04,04.3,,P31CLI1,ID,CUR,CG,ENGLAND_South East
2005-36,2005,76886.72,Dept020,04,04.3,,P31CLI1,ID,CUR,CG,ENGLAND_South East
2006-36,2006,83628.89,Dept020,04,04.3,,P31CLI1,ID,CUR,CG,ENGLAND_South East
2007-36,2007,0.00,Dept020,04,04.3,,P31CLI1,ID,CUR,CG,ENGLAND_South East
2008-36,2008,0.00,Dept020,04,04.3,,P31CLI1,ID,CUR,CG,ENGLAND_South East
2009-36,2009,90760.04,Dept020,04,04.3,,P31CLI1,ID,CUR,CG,ENGLAND_South East
2010-36,2010,90760.04,Dept020,04,04.3,,P31CLI1,ID,CUR,CG,ENGLAND_South East
2004-37,2004,53372.50,Dept020,04,04.3,,P31CLI1,ID,CUR,CG,ENGLAND_South West
2005-37,2005,45214.14,Dept020,04,04.3,,P31CLI1,ID,CUR,CG,ENGLAND_South West
2006-37,2006,49178.95,Dept020,04,04.3,,P31CLI1,ID,CUR,CG,ENGLAND_South West
2007-37,2007,0.00,Dept020,04,04.3,,P31CLI1,ID,CUR,CG,ENGLAND_South West
2008-37,2008,0.00,Dept020,04,04.3,,P31CLI1,ID,CUR,CG,ENGLAND_South West
2009-37,2009,53372.50,Dept020,04,04.3,,P31CLI1,ID,CUR,CG,ENGLAND_South West
2010-37,2010,53372.50,Dept020,04,04.3,,P31CLI1,ID,CUR,CG,ENGLAND_South West
2004-38,2004,0.00,Dept020,04,04.3,,P31CLI1,ID,CUR,CG,OUTSIDE UK
2005-38,2005,0.00,Dept020,04,04.3,,P31CLI1,ID,CUR,CG,OUTSIDE UK
2006-38,2006,0.00,Dept020,04,04.3,,P31CLI1,ID,CUR,CG,OUTSIDE UK
2007-38,2007,0.00,Dept020,04,04.3,,P31CLI1,ID,CUR,CG,OUTSIDE UK
2008-38,2008,0.00,Dept020,04,04.3,,P31CLI1,ID,CUR,CG,OUTSIDE UK
2009-38,2009,0.00,Dept020,04,04.3,,P31CLI1,ID,CUR,CG,OUTSIDE UK
2010-38,2010,0.00,Dept020,04,04.3,,P31CLI1,ID,CUR,CG,OUTSIDE UK
2004-39,2004,1270175.51,Dept020,04,04.3,,P31DTI1,ID,CUR,CG,SCOTLAND
2005-39,2005,0.00,Dept020,04,04.3,,P31DTI1,ID,CUR,CG,SCOTLAND
2006-39,2006,0.00,Dept020,04,04.3,,P31DTI1,ID,CUR,CG,SCOTLAND
2007-39,2007,0.00,Dept020,04,04.3,,P31DTI1,ID,CUR,CG,SCOTLAND
2008-39,2008,0.00,Dept020,04,04.3,,P31DTI1,ID,CUR,CG,SCOTLAND
2009-39,2009,0.00,Dept020,04,04.3,,P31DTI1,ID,CUR,CG,SCOTLAND
2010-39,2010,0.00,Dept020,04,04.3,,P31DTI1,ID,CUR,CG,SCOTLAND
2004-40,2004,693967.87,Dept020,04,04.3,,P31DTI1,ID,CUR,CG,WALES
2005-40,2005,0.00,Dept020,04,04.3,,P31DTI1,ID,CUR,CG,WALES
2006-40,2006,0.00,Dept020,04,04.3,,P31DTI1,ID,CUR,CG,WALES
2007-40,2007,0.00,Dept020,04,04.3,,P31DTI1,ID,CUR,CG,WALES
2008-40,2008,0.00,Dept020,04,04.3,,P31DTI1,ID,CUR,CG,WALES
2009-40,2009,0.00,Dept020,04,04.3,,P31DTI1,ID,CUR,CG,WALES
2010-40,2010,0.00,Dept020,04,04.3,,P31DTI1,ID,CUR,CG,WALES
2004-41,2004,0.00,Dept020,04,04.3,,P31DTI1,ID,CUR,CG,NORTHERN IRELAND
2005-41,2005,0.00,Dept020,04,04.3,,P31DTI1,ID,CUR,CG,NORTHERN IRELAND
2006-41,2006,0.00,Dept020,04,04.3,,P31DTI1,ID,CUR,CG,NORTHERN IRELAND
2007-41,2007,0.00,Dept020,04,04.3,,P31DTI1,ID,CUR,CG,NORTHERN IRELAND
2008-41,2008,0.00,Dept020,04,04.3,,P31DTI1,ID,CUR,CG,NORTHERN IRELAND
2009-41,2009,0.00,Dept020,04,04.3,,P31DTI1,ID,CUR,CG,NORTHERN IRELAND
2010-41,2010,0.00,Dept020,04,04.3,,P31DTI1,ID,CUR,CG,NORTHERN IRELAND
2004-42,2004,624415.61,Dept020,04,04.3,,P31DTI1,ID,CUR,CG,ENGLAND_North East
2005-42,2005,0.00,Dept020,04,04.3,,P31DTI1,ID,CUR,CG,ENGLAND_North East
2006-42,2006,0.00,Dept020,04,04.3,,P31DTI1,ID,CUR,CG,ENGLAND_North East
2007-42,2007,0.00,Dept020,04,04.3,,P31DTI1,ID,CUR,CG,ENGLAND_North East
2008-42,2008,0.00,Dept020,04,04.3,,P31DTI1,ID,CUR,CG,ENGLAND_North East
2009-42,2009,0.00,Dept020,04,04.3,,P31DTI1,ID,CUR,CG,ENGLAND_North East
2010-42,2010,0.00,Dept020,04,04.3,,P31DTI1,ID,CUR,CG,ENGLAND_North East
2004-43,2004,1631000.14,Dept020,04,04.3,,P31DTI1,ID,CUR,CG,ENGLAND_North West
2005-43,2005,0.00,Dept020,04,04.3,,P31DTI1,ID,CUR,CG,ENGLAND_North West
2006-43,2006,0.00,Dept020,04,04.3,,P31DTI1,ID,CUR,CG,ENGLAND_North West
2007-43,2007,0.00,Dept020,04,04.3,,P31DTI1,ID,CUR,CG,ENGLAND_North West
2008-43,2008,0.00,Dept020,04,04.3,,P31DTI1,ID,CUR,CG,ENGLAND_North West
2009-43,2009,0.00,Dept020,04,04.3,,P31DTI1,ID,CUR,CG,ENGLAND_North West
2010-43,2010,0.00,Dept020,04,04.3,,P31DTI1,ID,CUR,CG,ENGLAND_North West
2004-44,2004,1235305.56,Dept020,04,04.3,,P31DTI1,ID,CUR,CG,ENGLAND_Yorkshire and The Humber
2005-44,2005,0.00,Dept020,04,04.3,,P31DTI1,ID,CUR,CG,ENGLAND_Yorkshire and The Humber
2006-44,2006,0.00,Dept020,04,04.3,,P31DTI1,ID,CUR,CG,ENGLAND_Yorkshire and The Humber
2007-44,2007,0.00,Dept020,04,04.3,,P31DTI1,ID,CUR,CG,ENGLAND_Yorkshire and The Humber
2008-44,2008,0.00,Dept020,04,04.3,,P31DTI1,ID,CUR,CG,ENGLAND_Yorkshire and The Humber
2009-44,2009,0.00,Dept020,04,04.3,,P31DTI1,ID,CUR,CG,ENGLAND_Yorkshire and The Humber
2010-44,2010,0.00,Dept020,04,04.3,,P31DTI1,ID,CUR,CG,ENGLAND_Yorkshire and The Humber
2004-45,2004,989714.65,Dept020,04,04.3,,P31DTI1,ID,CUR,CG,ENGLAND_East Midlands
2005-45,2005,0.00,Dept020,04,04.3,,P31DTI1,ID,CUR,CG,ENGLAND_East Midlands
2006-45,2006,0.00,Dept020,04,04.3,,P31DTI1,ID,CUR,CG,ENGLAND_East Midlands
2007-45,2007,0.00,Dept020,04,04.3,,P31DTI1,ID,CUR,CG,ENGLAND_East Midlands
2008-45,2008,0.00,Dept020,04,04.3,,P31DTI1,ID,CUR,CG,ENGLAND_East Midlands
2009-45,2009,0.00,Dept020,04,04.3,,P31DTI1,ID,CUR,CG,ENGLAND_East Midlands
2010-45,2010,0.00,Dept020,04,04.3,,P31DTI1,ID,CUR,CG,ENGLAND_East Midlands
2004-46,2004,1190352.76,Dept020,04,04.3,,P31DTI1,ID,CUR,CG,ENGLAND_West Midlands
2005-46,2005,0.00,Dept020,04,04.3,,P31DTI1,ID,CUR,CG,ENGLAND_West Midlands
2006-46,2006,0.00,Dept020,04,04.3,,P31DTI1,ID,CUR,CG,ENGLAND_West Midlands
2007-46,2007,0.00,Dept020,04,04.3,,P31DTI1,ID,CUR,CG,ENGLAND_West Midlands
2008-46,2008,0.00,Dept020,04,04.3,,P31DTI1,ID,CUR,CG,ENGLAND_West Midlands
2009-46,2009,0.00,Dept020,04,04.3,,P31DTI1,ID,CUR,CG,ENGLAND_West Midlands
2010-46,2010,0.00,Dept020,04,04.3,,P31DTI1,ID,CUR,CG,ENGLAND_West Midlands
2004-47,2004,1184532.26,Dept020,04,04.3,,P31DTI1,ID,CUR,CG,ENGLAND_East
2005-47,2005,0.00,Dept020,04,04.3,,P31DTI1,ID,CUR,CG,ENGLAND_East
2006-47,2006,0.00,Dept020,04,04.3,,P31DTI1,ID,CUR,CG,ENGLAND_East
2007-47,2007,0.00,Dept020,04,04.3,,P31DTI1,ID,CUR,CG,ENGLAND_East
2008-47,2008,0.00,Dept020,04,04.3,,P31DTI1,ID,CUR,CG,ENGLAND_East
2009-47,2009,0.00,Dept020,04,04.3,,P31DTI1,ID,CUR,CG,ENGLAND_East
2010-47,2010,0.00,Dept020,04,04.3,,P31DTI1,ID,CUR,CG,ENGLAND_East
2004-48,2004,1715812.22,Dept020,04,04.3,,P31DTI1,ID,CUR,CG,ENGLAND_London
2005-48,2005,0.00,Dept020,04,04.3,,P31DTI1,ID,CUR,CG,ENGLAND_London
2006-48,2006,0.00,Dept020,04,04.3,,P31DTI1,ID,CUR,CG,ENGLAND_London
2007-48,2007,0.00,Dept020,04,04.3,,P31DTI1,ID,CUR,CG,ENGLAND_London
2008-48,2008,0.00,Dept020,04,04.3,,P31DTI1,ID,CUR,CG,ENGLAND_London
2009-48,2009,0.00,Dept020,04,04.3,,P31DTI1,ID,CUR,CG,ENGLAND_London
2010-48,2010,0.00,Dept020,04,04.3,,P31DTI1,ID,CUR,CG,ENGLAND_London
2004-49,2004,1720161.99,Dept020,04,04.3,,P31DTI1,ID,CUR,CG,ENGLAND_South East
2005-49,2005,0.00,Dept020,04,04.3,,P31DTI1,ID,CUR,CG,ENGLAND_South East
2006-49,2006,0.00,Dept020,04,04.3,,P31DTI1,ID,CUR,CG,ENGLAND_South East
2007-49,2007,0.00,Dept020,04,04.3,,P31DTI1,ID,CUR,CG,ENGLAND_South East
2008-49,2008,0.00,Dept020,04,04.3,,P31DTI1,ID,CUR,CG,ENGLAND_South East
2009-49,2009,0.00,Dept020,04,04.3,,P31DTI1,ID,CUR,CG,ENGLAND_South East
2010-49,2010,0.00,Dept020,04,04.3,,P31DTI1,ID,CUR,CG,ENGLAND_South East
2004-50,2004,1011561.44,Dept020,04,04.3,,P31DTI1,ID,CUR,CG,ENGLAND_South West
2005-50,2005,0.00,Dept020,04,04.3,,P31DTI1,ID,CUR,CG,ENGLAND_South West
2006-50,2006,0.00,Dept020,04,04.3,,P31DTI1,ID,CUR,CG,ENGLAND_South West
2007-50,2007,0.00,Dept020,04,04.3,,P31DTI1,ID,CUR,CG,ENGLAND_South West
2008-50,2008,0.00,Dept020,04,04.3,,P31DTI1,ID,CUR,CG,ENGLAND_South West
2009-50,2009,0.00,Dept020,04,04.3,,P31DTI1,ID,CUR,CG,ENGLAND_South West
2010-50,2010,0.00,Dept020,04,04.3,,P31DTI1,ID,CUR,CG,ENGLAND_South West
2004-51,2004,0.00,Dept020,04,04.3,,P31DTI1,ID,CUR,CG,OUTSIDE UK
2005-51,2005,0.00,Dept020,04,04.3,,P31DTI1,ID,CUR,CG,OUTSIDE UK
2006-51,2006,0.00,Dept020,04,04.3,,P31DTI1,ID,CUR,CG,OUTSIDE UK
2007-51,2007,0.00,Dept020,04,04.3,,P31DTI1,ID,CUR,CG,OUTSIDE UK
2008-51,2008,0.00,Dept020,04,04.3,,P31DTI1,ID,CUR,CG,OUTSIDE UK
2009-51,2009,0.00,Dept020,04,04.3,,P31DTI1,ID,CUR,CG,OUTSIDE UK
2010-51,2010,0.00,Dept020,04,04.3,,P31DTI1,ID,CUR,CG,OUTSIDE UK
2004-52,2004,4336881.55,Dept027,01,01.1,01.1.3,P22 S020201,ID,CUR,CG,SCOTLAND
2005-52,2005,6101237.52,Dept027,01,01.1,01.1.3,P22 S020201,ID,CUR,CG,SCOTLAND
2006-52,2006,3766267.37,Dept027,01,01.1,01.1.3,P22 S020201,ID,CUR,CG,SCOTLAND
2007-52,2007,3730305.68,Dept027,01,01.1,01.1.3,P22 S020201,ID,CUR,CG,SCOTLAND
2008-52,2008,4819953.77,Dept027,01,01.1,01.1.3,P22 S020201,ID,CUR,CG,SCOTLAND
2009-52,2009,4812541.19,Dept027,01,01.1,01.1.3,P22 S020201,ID,CUR,CG,SCOTLAND
2010-52,2010,5323848.66,Dept027,01,01.1,01.1.3,P22 S020201,ID,CUR,CG,SCOTLAND
2004-53,2004,2516211.13,Dept027,01,01.1,01.1.3,P22 S020201,ID,CUR,CG,WALES
2005-53,2005,3537000.49,Dept027,01,01.1,01.1.3,P22 S020201,ID,CUR,CG,WALES
2006-53,2006,2183024.08,Dept027,01,01.1,01.1.3,P22 S020201,ID,CUR,CG,WALES
2007-53,2007,2163334.32,Dept027,01,01.1,01.1.3,P22 S020201,ID,CUR,CG,WALES
2008-53,2008,2790892.17,Dept027,01,01.1,01.1.3,P22 S020201,ID,CUR,CG,WALES
2009-53,2009,2781278.02,Dept027,01,01.1,01.1.3,P22 S020201,ID,CUR,CG,WALES
2010-53,2010,3075561.04,Dept027,01,01.1,01.1.3,P22 S020201,ID,CUR,CG,WALES
2004-54,2004,1460590.72,Dept027,01,01.1,01.1.3,P22 S020201,ID,CUR,CG,NORTHERN IRELAND
2005-54,2005,2065051.19,Dept027,01,01.1,01.1.3,P22 S020201,ID,CUR,CG,NORTHERN IRELAND
2006-54,2006,1281909.52,Dept027,01,01.1,01.1.3,P22 S020201,ID,CUR,CG,NORTHERN IRELAND
2007-54,2007,1278231.32,Dept027,01,01.1,01.1.3,P22 S020201,ID,CUR,CG,NORTHERN IRELAND
2008-54,2008,1655139.86,Dept027,01,01.1,01.1.3,P22 S020201,ID,CUR,CG,NORTHERN IRELAND
2009-54,2009,1658806.18,Dept027,01,01.1,01.1.3,P22 S020201,ID,CUR,CG,NORTHERN IRELAND
2010-54,2010,1841086.86,Dept027,01,01.1,01.1.3,P22 S020201,ID,CUR,CG,NORTHERN IRELAND
2004-55,2004,2170986.51,Dept027,01,01.1,01.1.3,P22 S020201,ID,CUR,CG,ENGLAND_North East
2005-55,2005,3053334.78,Dept027,01,01.1,01.1.3,P22 S020201,ID,CUR,CG,ENGLAND_North East
2006-55,2006,1881115.45,Dept027,01,01.1,01.1.3,P22 S020201,ID,CUR,CG,ENGLAND_North East
2007-55,2007,1861707.09,Dept027,01,01.1,01.1.3,P22 S020201,ID,CUR,CG,ENGLAND_North East
2008-55,2008,2401118.39,Dept027,01,01.1,01.1.3,P22 S020201,ID,CUR,CG,ENGLAND_North East
2009-55,2009,2386098.93,Dept027,01,01.1,01.1.3,P22 S020201,ID,CUR,CG,ENGLAND_North East
2010-55,2010,2635465.48,Dept027,01,01.1,01.1.3,P22 S020201,ID,CUR,CG,ENGLAND_North East
2004-56,2004,5823828.84,Dept027,01,01.1,01.1.3,P22 S020201,ID,CUR,CG,ENGLAND_North West
2005-56,2005,8190918.55,Dept027,01,01.1,01.1.3,P22 S020201,ID,CUR,CG,ENGLAND_North West
2006-56,2006,5044228.01,Dept027,01,01.1,01.1.3,P22 S020201,ID,CUR,CG,ENGLAND_North West
2007-56,2007,4983169.88,Dept027,01,01.1,01.1.3,P22 S020201,ID,CUR,CG,ENGLAND_North West
2008-56,2008,6411685.45,Dept027,01,01.1,01.1.3,P22 S020201,ID,CUR,CG,ENGLAND_North West
2009-56,2009,6431189.54,Dept027,01,01.1,01.1.3,P22 S020201,ID,CUR,CG,ENGLAND_North West
2010-56,2010,7115695.49,Dept027,01,01.1,01.1.3,P22 S020201,ID,CUR,CG,ENGLAND_North West
2004-57,2004,4324556.83,Dept027,01,01.1,01.1.3,P22 S020201,ID,CUR,CG,ENGLAND_Yorkshire and The Humber
2005-57,2005,6116447.50,Dept027,01,01.1,01.1.3,P22 S020201,ID,CUR,CG,ENGLAND_Yorkshire and The Humber
2006-57,2006,3785032.09,Dept027,01,01.1,01.1.3,P22 S020201,ID,CUR,CG,ENGLAND_Yorkshire and The Humber
2007-57,2007,3758438.70,Dept027,01,01.1,01.1.3,P22 S020201,ID,CUR,CG,ENGLAND_Yorkshire and The Humber
2008-57,2008,4860982.58,Dept027,01,01.1,01.1.3,P22 S020201,ID,CUR,CG,ENGLAND_Yorkshire and The Humber
2009-57,2009,4889054.39,Dept027,01,01.1,01.1.3,P22 S020201,ID,CUR,CG,ENGLAND_Yorkshire and The Humber
2010-57,2010,5432238.03,Dept027,01,01.1,01.1.3,P22 S020201,ID,CUR,CG,ENGLAND_Yorkshire and The Humber
2004-58,2004,3664781.91,Dept027,01,01.1,01.1.3,P22 S020201,ID,CUR,CG,ENGLAND_East Midlands
2005-58,2005,5182412.56,Dept027,01,01.1,01.1.3,P22 S020201,ID,CUR,CG,ENGLAND_East Midlands
2006-58,2006,3212256.79,Dept027,01,01.1,01.1.3,P22 S020201,ID,CUR,CG,ENGLAND_East Midlands
2007-58,2007,3193948.17,Dept027,01,01.1,01.1.3,P22 S020201,ID,CUR,CG,ENGLAND_East Midlands
2008-58,2008,4133653.52,Dept027,01,01.1,01.1.3,P22 S020201,ID,CUR,CG,ENGLAND_East Midlands
2009-58,2009,4165471.37,Dept027,01,01.1,01.1.3,P22 S020201,ID,CUR,CG,ENGLAND_East Midlands
2010-58,2010,4633568.79,Dept027,01,01.1,01.1.3,P22 S020201,ID,CUR,CG,ENGLAND_East Midlands
2004-59,2004,4548947.58,Dept027,01,01.1,01.1.3,P22 S020201,ID,CUR,CG,ENGLAND_West Midlands
2005-59,2005,6407698.12,Dept027,01,01.1,01.1.3,P22 S020201,ID,CUR,CG,ENGLAND_West Midlands
2006-59,2006,3950126.93,Dept027,01,01.1,01.1.3,P22 S020201,ID,CUR,CG,ENGLAND_West Midlands
2007-59,2007,3906989.15,Dept027,01,01.1,01.1.3,P22 S020201,ID,CUR,CG,ENGLAND_West Midlands
2008-59,2008,5045612.27,Dept027,01,01.1,01.1.3,P22 S020201,ID,CUR,CG,ENGLAND_West Midlands
2009-59,2009,5043750.17,Dept027,01,01.1,01.1.3,P22 S020201,ID,CUR,CG,ENGLAND_West Midlands
2010-59,2010,5583533.65,Dept027,01,01.1,01.1.3,P22 S020201,ID,CUR,CG,ENGLAND_West Midlands
2004-60,2004,4706272.26,Dept027,01,01.1,01.1.3,P22 S020201,ID,CUR,CG,ENGLAND_East
2005-60,2005,6661967.45,Dept027,01,01.1,01.1.3,P22 S020201,ID,CUR,CG,ENGLAND_East
2006-60,2006,4126686.40,Dept027,01,01.1,01.1.3,P22 S020201,ID,CUR,CG,ENGLAND_East
2007-60,2007,4109668.41,Dept027,01,01.1,01.1.3,P22 S020201,ID,CUR,CG,ENGLAND_East
2008-60,2008,5342138.74,Dept027,01,01.1,01.1.3,P22 S020201,ID,CUR,CG,ENGLAND_East
2009-60,2009,5346742.44,Dept027,01,01.1,01.1.3,P22 S020201,ID,CUR,CG,ENGLAND_East
2010-60,2010,5945989.32,Dept027,01,01.1,01.1.3,P22 S020201,ID,CUR,CG,ENGLAND_East
2004-61,2004,6310146.43,Dept027,01,01.1,01.1.3,P22 S020201,ID,CUR,CG,ENGLAND_London
2005-61,2005,8928961.36,Dept027,01,01.1,01.1.3,P22 S020201,ID,CUR,CG,ENGLAND_London
2006-61,2006,5529441.95,Dept027,01,01.1,01.1.3,P22 S020201,ID,CUR,CG,ENGLAND_London
2007-61,2007,5486007.77,Dept027,01,01.1,01.1.3,P22 S020201,ID,CUR,CG,ENGLAND_London
2008-61,2008,7105445.48,Dept027,01,01.1,01.1.3,P22 S020201,ID,CUR,CG,ENGLAND_London
2009-61,2009,7118602.68,Dept027,01,01.1,01.1.3,P22 S020201,ID,CUR,CG,ENGLAND_London
2010-61,2010,7904353.27,Dept027,01,01.1,01.1.3,P22 S020201,ID,CUR,CG,ENGLAND_London
2004-62,2004,6938788.44,Dept027,01,01.1,01.1.3,P22 S020201,ID,CUR,CG,ENGLAND_South East
2005-62,2005,9801382.76,Dept027,01,01.1,01.1.3,P22 S020201,ID,CUR,CG,ENGLAND_South East
2006-62,2006,6063356.30,Dept027,01,01.1,01.1.3,P22 S020201,ID,CUR,CG,ENGLAND_South East
2007-62,2007,6031724.32,Dept027,01,01.1,01.1.3,P22 S020201,ID,CUR,CG,ENGLAND_South East
2008-62,2008,7814125.08,Dept027,01,01.1,01.1.3,P22 S020201,ID,CUR,CG,ENGLAND_South East
2009-62,2009,7797576.18,Dept027,01,01.1,01.1.3,P22 S020201,ID,CUR,CG,ENGLAND_South East
2010-62,2010,8651432.85,Dept027,01,01.1,01.1.3,P22 S020201,ID,CUR,CG,ENGLAND_South East
2004-63,2004,4305507.82,Dept027,01,01.1,01.1.3,P22 S020201,ID,CUR,CG,ENGLAND_South West
2005-63,2005,6091587.72,Dept027,01,01.1,01.1.3,P22 S020201,ID,CUR,CG,ENGLAND_South West
2006-63,2006,3771555.11,Dept027,01,01.1,01.1.3,P22 S020201,ID,CUR,CG,ENGLAND_South West
2007-63,2007,3758975.18,Dept027,01,01.1,01.1.3,P22 S020201,ID,CUR,CG,ENGLAND_South West
2008-63,2008,4857252.69,Dept027,01,01.1,01.1.3,P22 S020201,ID,CUR,CG,ENGLAND_South West
2009-63,2009,4878388.91,Dept027,01,01.1,01.1.3,P22 S020201,ID,CUR,CG,ENGLAND_South West
2010-63,2010,5422226.57,Dept027,01,01.1,01.1.3,P22 S020201,ID,CUR,CG,ENGLAND_South West
2004-64,2004,51107500.00,Dept027,01,01.1,01.1.3,P22 S020201,ID,CUR,CG,OUTSIDE UK
2005-64,2005,72138000.00,Dept027,01,01.1,01.1.3,P22 S020201,ID,CUR,CG,OUTSIDE UK
2006-64,2006,44595000.00,Dept027,01,01.1,01.1.3,P22 S020201,ID,CUR,CG,OUTSIDE UK
2007-64,2007,44262500.00,Dept027,01,01.1,01.1.3,P22 S020201,ID,CUR,CG,OUTSIDE UK
2008-64,2008,57238000.00,Dept027,01,01.1,01.1.3,P22 S020201,ID,CUR,CG,OUTSIDE UK
2009-64,2009,57309500.00,Dept027,01,01.1,01.1.3,P22 S020201,ID,CUR,CG,OUTSIDE UK
2010-64,2010,63565000.00,Dept027,01,01.1,01.1.3,P22 S020201,ID,CUR,CG,OUTSIDE UK
2004-65,2004,444995.49,Dept027,01,01.1,01.1.3,P22 S020210,ID,CUR,CG,SCOTLAND
2005-65,2005,211189.53,Dept027,01,01.1,01.1.3,P22 S020210,ID,CUR,CG,SCOTLAND
2006-65,2006,210883.95,Dept027,01,01.1,01.1.3,P22 S020210,ID,CUR,CG,SCOTLAND
2007-65,2007,183049.40,Dept027,01,01.1,01.1.3,P22 S020210,ID,CUR,CG,SCOTLAND
2008-65,2008,138102.73,Dept027,01,01.1,01.1.3,P22 S020210,ID,CUR,CG,SCOTLAND
2009-65,2009,209936.45,Dept027,01,01.1,01.1.3,P22 S020210,ID,CUR,CG,SCOTLAND
2010-65,2010,209386.01,Dept027,01,01.1,01.1.3,P22 S020210,ID,CUR,CG,SCOTLAND
2004-66,2004,258181.50,Dept027,01,01.1,01.1.3,P22 S020210,ID,CUR,CG,WALES
2005-66,2005,122430.48,Dept027,01,01.1,01.1.3,P22 S020210,ID,CUR,CG,WALES
2006-66,2006,122233.68,Dept027,01,01.1,01.1.3,P22 S020210,ID,CUR,CG,WALES
2007-66,2007,106156.73,Dept027,01,01.1,01.1.3,P22 S020210,ID,CUR,CG,WALES
2008-66,2008,79965.46,Dept027,01,01.1,01.1.3,P22 S020210,ID,CUR,CG,WALES
2009-66,2009,121327.09,Dept027,01,01.1,01.1.3,P22 S020210,ID,CUR,CG,WALES
2010-66,2010,120961.26,Dept027,01,01.1,01.1.3,P22 S020210,ID,CUR,CG,WALES
2004-67,2004,149867.20,Dept027,01,01.1,01.1.3,P22 S020210,ID,CUR,CG,NORTHERN IRELAND
2005-67,2005,71480.12,Dept027,01,01.1,01.1.3,P22 S020210,ID,CUR,CG,NORTHERN IRELAND
2006-67,2006,71777.73,Dept027,01,01.1,01.1.3,P22 S020210,ID,CUR,CG,NORTHERN IRELAND
2007-67,2007,62723.94,Dept027,01,01.1,01.1.3,P22 S020210,ID,CUR,CG,NORTHERN IRELAND
2008-67,2008,47423.55,Dept027,01,01.1,01.1.3,P22 S020210,ID,CUR,CG,NORTHERN IRELAND
2009-67,2009,72361.75,Dept027,01,01.1,01.1.3,P22 S020210,ID,CUR,CG,NORTHERN IRELAND
2010-67,2010,72409.61,Dept027,01,01.1,01.1.3,P22 S020210,ID,CUR,CG,NORTHERN IRELAND
2004-68,2004,222758.95,Dept027,01,01.1,01.1.3,P22 S020210,ID,CUR,CG,ENGLAND_North East
2005-68,2005,105688.78,Dept027,01,01.1,01.1.3,P22 S020210,ID,CUR,CG,ENGLAND_North East
2006-68,2006,105328.97,Dept027,01,01.1,01.1.3,P22 S020210,ID,CUR,CG,ENGLAND_North East
2007-68,2007,91355.61,Dept027,01,01.1,01.1.3,P22 S020210,ID,CUR,CG,ENGLAND_North East
2008-68,2008,68797.55,Dept027,01,01.1,01.1.3,P22 S020210,ID,CUR,CG,ENGLAND_North East
2009-68,2009,104088.28,Dept027,01,01.1,01.1.3,P22 S020210,ID,CUR,CG,ENGLAND_North East
2010-68,2010,103652.38,Dept027,01,01.1,01.1.3,P22 S020210,ID,CUR,CG,ENGLAND_North East
2004-69,2004,597567.06,Dept027,01,01.1,01.1.3,P22 S020210,ID,CUR,CG,ENGLAND_North West
2005-69,2005,283522.19,Dept027,01,01.1,01.1.3,P22 S020210,ID,CUR,CG,ENGLAND_North West
2006-69,2006,282440.57,Dept027,01,01.1,01.1.3,P22 S020210,ID,CUR,CG,ENGLAND_North West
2007-69,2007,244528.55,Dept027,01,01.1,01.1.3,P22 S020210,ID,CUR,CG,ENGLAND_North West
2008-69,2008,183709.50,Dept027,01,01.1,01.1.3,P22 S020210,ID,CUR,CG,ENGLAND_North West
2009-69,2009,280546.40,Dept027,01,01.1,01.1.3,P22 S020210,ID,CUR,CG,ENGLAND_North West
2010-69,2010,279859.02,Dept027,01,01.1,01.1.3,P22 S020210,ID,CUR,CG,ENGLAND_North West
2004-70,2004,443730.88,Dept027,01,01.1,01.1.3,P22 S020210,ID,CUR,CG,ENGLAND_Yorkshire and The Humber
2005-70,2005,211716.01,Dept027,01,01.1,01.1.3,P22 S020210,ID,CUR,CG,ENGLAND_Yorkshire and The Humber
2006-70,2006,211934.64,Dept027,01,01.1,01.1.3,P22 S020210,ID,CUR,CG,ENGLAND_Yorkshire and The Humber
2007-70,2007,184429.91,Dept027,01,01.1,01.1.3,P22 S020210,ID,CUR,CG,ENGLAND_Yorkshire and The Humber
2008-70,2008,139278.30,Dept027,01,01.1,01.1.3,P22 S020210,ID,CUR,CG,ENGLAND_Yorkshire and The Humber
2009-70,2009,213274.17,Dept027,01,01.1,01.1.3,P22 S020210,ID,CUR,CG,ENGLAND_Yorkshire and The Humber
2010-70,2010,213648.94,Dept027,01,01.1,01.1.3,P22 S020210,ID,CUR,CG,ENGLAND_Yorkshire and The Humber
2004-71,2004,376033.19,Dept027,01,01.1,01.1.3,P22 S020210,ID,CUR,CG,ENGLAND_East Midlands
2005-71,2005,179385.13,Dept027,01,01.1,01.1.3,P22 S020210,ID,CUR,CG,ENGLAND_East Midlands
2006-71,2006,179863.33,Dept027,01,01.1,01.1.3,P22 S020210,ID,CUR,CG,ENGLAND_East Midlands
2007-71,2007,156729.86,Dept027,01,01.1,01.1.3,P22 S020210,ID,CUR,CG,ENGLAND_East Midlands
2008-71,2008,118438.66,Dept027,01,01.1,01.1.3,P22 S020210,ID,CUR,CG,ENGLAND_East Midlands
2009-71,2009,181709.46,Dept027,01,01.1,01.1.3,P22 S020210,ID,CUR,CG,ENGLAND_East Midlands
2010-71,2010,182237.43,Dept027,01,01.1,01.1.3,P22 S020210,ID,CUR,CG,ENGLAND_East Midlands
2004-72,2004,466755.00,Dept027,01,01.1,01.1.3,P22 S020210,ID,CUR,CG,ENGLAND_West Midlands
2005-72,2005,221797.42,Dept027,01,01.1,01.1.3,P22 S020210,ID,CUR,CG,ENGLAND_West Midlands
2006-72,2006,221178.76,Dept027,01,01.1,01.1.3,P22 S020210,ID,CUR,CG,ENGLAND_West Midlands
2007-72,2007,191719.41,Dept027,01,01.1,01.1.3,P22 S020210,ID,CUR,CG,ENGLAND_West Midlands
2008-72,2008,144568.37,Dept027,01,01.1,01.1.3,P22 S020210,ID,CUR,CG,ENGLAND_West Midlands
2009-72,2009,220022.43,Dept027,01,01.1,01.1.3,P22 S020210,ID,CUR,CG,ENGLAND_West Midlands
2010-72,2010,219599.37,Dept027,01,01.1,01.1.3,P22 S020210,ID,CUR,CG,ENGLAND_West Midlands
2004-73,2004,482897.65,Dept027,01,01.1,01.1.3,P22 S020210,ID,CUR,CG,ENGLAND_East
2005-73,2005,230598.75,Dept027,01,01.1,01.1.3,P22 S020210,ID,CUR,CG,ENGLAND_East
2006-73,2006,231064.83,Dept027,01,01.1,01.1.3,P22 S020210,ID,CUR,CG,ENGLAND_East
2007-73,2007,201665.06,Dept027,01,01.1,01.1.3,P22 S020210,ID,CUR,CG,ENGLAND_East
2008-73,2008,153064.53,Dept027,01,01.1,01.1.3,P22 S020210,ID,CUR,CG,ENGLAND_East
2009-73,2009,233239.80,Dept027,01,01.1,01.1.3,P22 S020210,ID,CUR,CG,ENGLAND_East
2010-73,2010,233854.69,Dept027,01,01.1,01.1.3,P22 S020210,ID,CUR,CG,ENGLAND_East
2004-74,2004,647466.77,Dept027,01,01.1,01.1.3,P22 S020210,ID,CUR,CG,ENGLAND_London
2005-74,2005,309068.96,Dept027,01,01.1,01.1.3,P22 S020210,ID,CUR,CG,ENGLAND_London
2006-74,2006,309609.07,Dept027,01,01.1,01.1.3,P22 S020210,ID,CUR,CG,ENGLAND_London
2007-74,2007,269203.25,Dept027,01,01.1,01.1.3,P22 S020210,ID,CUR,CG,ENGLAND_London
2008-74,2008,203587.31,Dept027,01,01.1,01.1.3,P22 S020210,ID,CUR,CG,ENGLAND_London
2009-74,2009,310533.27,Dept027,01,01.1,01.1.3,P22 S020210,ID,CUR,CG,ENGLAND_London
2010-74,2010,310876.79,Dept027,01,01.1,01.1.3,P22 S020210,ID,CUR,CG,ENGLAND_London
2004-75,2004,711970.00,Dept027,01,01.1,01.1.3,P22 S020210,ID,CUR,CG,ENGLAND_South East
2005-75,2005,339267.14,Dept027,01,01.1,01.1.3,P22 S020210,ID,CUR,CG,ENGLAND_South East
2006-75,2006,339504.44,Dept027,01,01.1,01.1.3,P22 S020210,ID,CUR,CG,ENGLAND_South East
2007-75,2007,295982.04,Dept027,01,01.1,01.1.3,P22 S020210,ID,CUR,CG,ENGLAND_South East
2008-75,2008,223892.61,Dept027,01,01.1,01.1.3,P22 S020210,ID,CUR,CG,ENGLAND_South East
2009-75,2009,340151.99,Dept027,01,01.1,01.1.3,P22 S020210,ID,CUR,CG,ENGLAND_South East
2010-75,2010,340259.30,Dept027,01,01.1,01.1.3,P22 S020210,ID,CUR,CG,ENGLAND_South East
2004-76,2004,441776.31,Dept027,01,01.1,01.1.3,P22 S020210,ID,CUR,CG,ENGLAND_South West
2005-76,2005,210855.51,Dept027,01,01.1,01.1.3,P22 S020210,ID,CUR,CG,ENGLAND_South West
2006-76,2006,211180.02,Dept027,01,01.1,01.1.3,P22 S020210,ID,CUR,CG,ENGLAND_South West
2007-76,2007,184456.23,Dept027,01,01.1,01.1.3,P22 S020210,ID,CUR,CG,ENGLAND_South West
2008-76,2008,139171.43,Dept027,01,01.1,01.1.3,P22 S020210,ID,CUR,CG,ENGLAND_South West
2009-76,2009,212808.91,Dept027,01,01.1,01.1.3,P22 S020210,ID,CUR,CG,ENGLAND_South West
2010-76,2010,213255.19,Dept027,01,01.1,01.1.3,P22 S020210,ID,CUR,CG,ENGLAND_South West
2004-77,2004,0.00,Dept027,01,01.1,01.1.3,P22 S020210,ID,CUR,CG,OUTSIDE UK
2005-77,2005,0.00,Dept027,01,01.1,01.1.3,P22 S020210,ID,CUR,CG,OUTSIDE UK
2006-77,2006,0.00,Dept027,01,01.1,01.1.3,P22 S020210,ID,CUR,CG,OUTSIDE UK
2007-77,2007,0.00,Dept027,01,01.1,01.1.3,P22 S020210,ID,CUR,CG,OUTSIDE UK
2008-77,2008,0.00,Dept027,01,01.1,01.1.3,P22 S020210,ID,CUR,CG,OUTSIDE UK
2009-77,2009,0.00,Dept027,01,01.1,01.1.3,P22 S020210,ID,CUR,CG,OUTSIDE UK
2010-77,2010,0.00,Dept027,01,01.1,01.1.3,P22 S020210,ID,CUR,CG,OUTSIDE UK
2004-78,2004,6969601.80,Dept027,01,01.1,01.1.3,P22 S020401,ID,CUR,CG,SCOTLAND
2005-78,2005,7671584.31,Dept027,01,01.1,01.1.3,P22 S020401,ID,CUR,CG,SCOTLAND
2006-78,2006,7732861.82,Dept027,01,01.1,01.1.3,P22 S020401,ID,CUR,CG,SCOTLAND
2007-78,2007,7853004.55,Dept027,01,01.1,01.1.3,P22 S020401,ID,CUR,CG,SCOTLAND
2008-78,2008,8204607.52,Dept027,01,01.1,01.1.3,P22 S020401,ID,CUR,CG,SCOTLAND
2009-78,2009,8101993.43,Dept027,01,01.1,01.1.3,P22 S020401,ID,CUR,CG,SCOTLAND
2010-78,2010,7804360.96,Dept027,01,01.1,01.1.3,P22 S020401,ID,CUR,CG,SCOTLAND
2004-79,2004,4043686.55,Dept027,01,01.1,01.1.3,P22 S020401,ID,CUR,CG,WALES
2005-79,2005,4447359.63,Dept027,01,01.1,01.1.3,P22 S020401,ID,CUR,CG,WALES
2006-79,2006,4482162.81,Dept027,01,01.1,01.1.3,P22 S020401,ID,CUR,CG,WALES
2007-79,2007,4554231.12,Dept027,01,01.1,01.1.3,P22 S020401,ID,CUR,CG,WALES
2008-79,2008,4750704.26,Dept027,01,01.1,01.1.3,P22 S020401,ID,CUR,CG,WALES
2009-79,2009,4682327.98,Dept027,01,01.1,01.1.3,P22 S020401,ID,CUR,CG,WALES
2010-79,2010,4508540.72,Dept027,01,01.1,01.1.3,P22 S020401,ID,CUR,CG,WALES
2004-80,2004,2347247.81,Dept027,01,01.1,01.1.3,P22 S020401,ID,CUR,CG,NORTHERN IRELAND
2005-80,2005,2596557.54,Dept027,01,01.1,01.1.3,P22 S020401,ID,CUR,CG,NORTHERN IRELAND
2006-80,2006,2632003.57,Dept027,01,01.1,01.1.3,P22 S020401,ID,CUR,CG,NORTHERN IRELAND
2007-80,2007,2690920.60,Dept027,01,01.1,01.1.3,P22 S020401,ID,CUR,CG,NORTHERN IRELAND
2008-80,2008,2817407.30,Dept027,01,01.1,01.1.3,P22 S020401,ID,CUR,CG,NORTHERN IRELAND
2009-80,2009,2792627.90,Dept027,01,01.1,01.1.3,P22 S020401,ID,CUR,CG,NORTHERN IRELAND
2010-80,2010,2698894.60,Dept027,01,01.1,01.1.3,P22 S020401,ID,CUR,CG,NORTHERN IRELAND
2004-81,2004,3488892.03,Dept027,01,01.1,01.1.3,P22 S020401,ID,CUR,CG,ENGLAND_North East
2005-81,2005,3839207.24,Dept027,01,01.1,01.1.3,P22 S020401,ID,CUR,CG,ENGLAND_North East
2006-81,2006,3862287.09,Dept027,01,01.1,01.1.3,P22 S020401,ID,CUR,CG,ENGLAND_North East
2007-81,2007,3919248.30,Dept027,01,01.1,01.1.3,P22 S020401,ID,CUR,CG,ENGLAND_North East
2008-81,2008,4087224.68,Dept027,01,01.1,01.1.3,P22 S020401,ID,CUR,CG,ENGLAND_North East
2009-81,2009,4017037.39,Dept027,01,01.1,01.1.3,P22 S020401,ID,CUR,CG,ENGLAND_North East
2010-81,2010,3863393.79,Dept027,01,01.1,01.1.3,P22 S020401,ID,CUR,CG,ENGLAND_North East
2004-82,2004,9359206.02,Dept027,01,01.1,01.1.3,P22 S020401,ID,CUR,CG,ENGLAND_North West
2005-82,2005,10299110.97,Dept027,01,01.1,01.1.3,P22 S020401,ID,CUR,CG,ENGLAND_North West
2006-82,2006,10356757.59,Dept027,01,01.1,01.1.3,P22 S020401,ID,CUR,CG,ENGLAND_North West
2007-82,2007,10490522.52,Dept027,01,01.1,01.1.3,P22 S020401,ID,CUR,CG,ENGLAND_North West
2008-82,2008,10914080.35,Dept027,01,01.1,01.1.3,P22 S020401,ID,CUR,CG,ENGLAND_North West
2009-82,2009,10827014.95,Dept027,01,01.1,01.1.3,P22 S020401,ID,CUR,CG,ENGLAND_North West
2010-82,2010,10431073.38,Dept027,01,01.1,01.1.3,P22 S020401,ID,CUR,CG,ENGLAND_North West
2004-83,2004,6949795.31,Dept027,01,01.1,01.1.3,P22 S020401,ID,CUR,CG,ENGLAND_Yorkshire and The Humber
2005-83,2005,7690709.07,Dept027,01,01.1,01.1.3,P22 S020401,ID,CUR,CG,ENGLAND_Yorkshire and The Humber
2006-83,2006,7771389.36,Dept027,01,01.1,01.1.3,P22 S020401,ID,CUR,CG,ENGLAND_Yorkshire and The Humber
2007-83,2007,7912229.92,Dept027,01,01.1,01.1.3,P22 S020401,ID,CUR,CG,ENGLAND_Yorkshire and The Humber
2008-83,2008,8274447.48,Dept027,01,01.1,01.1.3,P22 S020401,ID,CUR,CG,ENGLAND_Yorkshire and The Humber
2009-83,2009,8230804.68,Dept027,01,01.1,01.1.3,P22 S020401,ID,CUR,CG,ENGLAND_Yorkshire and The Humber
2010-83,2010,7963251.60,Dept027,01,01.1,01.1.3,P22 S020401,ID,CUR,CG,ENGLAND_Yorkshire and The Humber
2004-84,2004,5889501.54,Dept027,01,01.1,01.1.3,P22 S020401,ID,CUR,CG,ENGLAND_East Midlands
2005-84,2005,6516270.64,Dept027,01,01.1,01.1.3,P22 S020401,ID,CUR,CG,ENGLAND_East Midlands
2006-84,2006,6595372.94,Dept027,01,01.1,01.1.3,P22 S020401,ID,CUR,CG,ENGLAND_East Midlands
2007-84,2007,6723869.75,Dept027,01,01.1,01.1.3,P22 S020401,ID,CUR,CG,ENGLAND_East Midlands
2008-84,2008,7036375.54,Dept027,01,01.1,01.1.3,P22 S020401,ID,CUR,CG,ENGLAND_East Midlands
2009-84,2009,7012640.59,Dept027,01,01.1,01.1.3,P22 S020401,ID,CUR,CG,ENGLAND_East Midlands
2010-84,2010,6792462.68,Dept027,01,01.1,01.1.3,P22 S020401,ID,CUR,CG,ENGLAND_East Midlands
2004-85,2004,7310403.30,Dept027,01,01.1,01.1.3,P22 S020401,ID,CUR,CG,ENGLAND_West Midlands
2005-85,2005,8056922.26,Dept027,01,01.1,01.1.3,P22 S020401,ID,CUR,CG,ENGLAND_West Midlands
2006-85,2006,8110360.40,Dept027,01,01.1,01.1.3,P22 S020401,ID,CUR,CG,ENGLAND_West Midlands
2007-85,2007,8224956.92,Dept027,01,01.1,01.1.3,P22 S020401,ID,CUR,CG,ENGLAND_West Midlands
2008-85,2008,8588727.28,Dept027,01,01.1,01.1.3,P22 S020401,ID,CUR,CG,ENGLAND_West Midlands
2009-85,2009,8491237.61,Dept027,01,01.1,01.1.3,P22 S020401,ID,CUR,CG,ENGLAND_West Midlands
2010-85,2010,8185039.57,Dept027,01,01.1,01.1.3,P22 S020401,ID,CUR,CG,ENGLAND_West Midlands
2004-86,2004,7563232.53,Dept027,01,01.1,01.1.3,P22 S020401,ID,CUR,CG,ENGLAND_East
2005-86,2005,8376635.86,Dept027,01,01.1,01.1.3,P22 S020401,ID,CUR,CG,ENGLAND_East
2006-86,2006,8472870.51,Dept027,01,01.1,01.1.3,P22 S020401,ID,CUR,CG,ENGLAND_East
2007-86,2007,8651635.41,Dept027,01,01.1,01.1.3,P22 S020401,ID,CUR,CG,ENGLAND_East
2008-86,2008,9093479.68,Dept027,01,01.1,01.1.3,P22 S020401,ID,CUR,CG,ENGLAND_East
2009-86,2009,9001330.16,Dept027,01,01.1,01.1.3,P22 S020401,ID,CUR,CG,ENGLAND_East
2010-86,2010,8716372.28,Dept027,01,01.1,01.1.3,P22 S020401,ID,CUR,CG,ENGLAND_East
2004-87,2004,10140744.54,Dept027,01,01.1,01.1.3,P22 S020401,ID,CUR,CG,ENGLAND_London
2005-87,2005,11227112.48,Dept027,01,01.1,01.1.3,P22 S020401,ID,CUR,CG,ENGLAND_London
2006-87,2006,11352993.92,Dept027,01,01.1,01.1.3,P22 S020401,ID,CUR,CG,ENGLAND_London
2007-87,2007,11549092.12,Dept027,01,01.1,01.1.3,P22 S020401,ID,CUR,CG,ENGLAND_London
2008-87,2008,12095010.51,Dept027,01,01.1,01.1.3,P22 S020401,ID,CUR,CG,ENGLAND_London
2009-87,2009,11984286.45,Dept027,01,01.1,01.1.3,P22 S020401,ID,CUR,CG,ENGLAND_London
2010-87,2010,11587186.26,Dept027,01,01.1,01.1.3,P22 S020401,ID,CUR,CG,ENGLAND_London
2004-88,2004,11151006.05,Dept027,01,01.1,01.1.3,P22 S020401,ID,CUR,CG,ENGLAND_South East
2005-88,2005,12324079.17,Dept027,01,01.1,01.1.3,P22 S020401,ID,CUR,CG,ENGLAND_South East
2006-88,2006,12449221.43,Dept027,01,01.1,01.1.3,P22 S020401,ID,CUR,CG,ENGLAND_South East
2007-88,2007,12697929.48,Dept027,01,01.1,01.1.3,P22 S020401,ID,CUR,CG,ENGLAND_South East
2008-88,2008,13301337.02,Dept027,01,01.1,01.1.3,P22 S020401,ID,CUR,CG,ENGLAND_South East
2009-88,2009,13127349.67,Dept027,01,01.1,01.1.3,P22 S020401,ID,CUR,CG,ENGLAND_South East
2010-88,2010,12682348.62,Dept027,01,01.1,01.1.3,P22 S020401,ID,CUR,CG,ENGLAND_South East
2004-89,2004,6919182.53,Dept027,01,01.1,01.1.3,P22 S020401,ID,CUR,CG,ENGLAND_South West
2005-89,2005,7659450.84,Dept027,01,01.1,01.1.3,P22 S020401,ID,CUR,CG,ENGLAND_South West
2006-89,2006,7743718.56,Dept027,01,01.1,01.1.3,P22 S020401,ID,CUR,CG,ENGLAND_South West
2007-89,2007,7913359.31,Dept027,01,01.1,01.1.3,P22 S020401,ID,CUR,CG,ENGLAND_South West
2008-89,2008,8268098.39,Dept027,01,01.1,01.1.3,P22 S020401,ID,CUR,CG,ENGLAND_South West
2009-89,2009,8212849.18,Dept027,01,01.1,01.1.3,P22 S020401,ID,CUR,CG,ENGLAND_South West
2010-89,2010,7948575.55,Dept027,01,01.1,01.1.3,P22 S020401,ID,CUR,CG,ENGLAND_South West
2004-90,2004,82132500.00,Dept027,01,01.1,01.1.3,P22 S020401,ID,CUR,CG,OUTSIDE UK
2005-90,2005,90705000.00,Dept027,01,01.1,01.1.3,P22 S020401,ID,CUR,CG,OUTSIDE UK
2006-90,2006,91562000.00,Dept027,01,01.1,01.1.3,P22 S020401,ID,CUR,CG,OUTSIDE UK
2007-90,2007,93181000.00,Dept027,01,01.1,01.1.3,P22 S020401,ID,CUR,CG,OUTSIDE UK
2008-90,2008,97431500.00,Dept027,01,01.1,01.1.3,P22 S020401,ID,CUR,CG,OUTSIDE UK
2009-90,2009,96481500.00,Dept027,01,01.1,01.1.3,P22 S020401,ID,CUR,CG,OUTSIDE UK
2010-90,2010,93181500.00,Dept027,01,01.1,01.1.3,P22 S020401,ID,CUR,CG,OUTSIDE UK
2004-91,2004,0.00,Dept027,01,01.1,01.1.3,P22 S020519,ID,CUR,CG,SCOTLAND
2005-91,2005,0.00,Dept027,01,01.1,01.1.3,P22 S020519,ID,CUR,CG,SCOTLAND
2006-91,2006,0.00,Dept027,01,01.1,01.1.3,P22 S020519,ID,CUR,CG,SCOTLAND
2007-91,2007,0.00,Dept027,01,01.1,01.1.3,P22 S020519,ID,CUR,CG,SCOTLAND
2008-91,2008,0.00,Dept027,01,01.1,01.1.3,P22 S020519,ID,CUR,CG,SCOTLAND
2009-91,2009,0.00,Dept027,01,01.1,01.1.3,P22 S020519,ID,CUR,CG,SCOTLAND
2010-91,2010,0.00,Dept027,01,01.1,01.1.3,P22 S020519,ID,CUR,CG,SCOTLAND
2004-92,2004,0.00,Dept027,01,01.1,01.1.3,P22 S020519,ID,CUR,CG,WALES
2005-92,2005,0.00,Dept027,01,01.1,01.1.3,P22 S020519,ID,CUR,CG,WALES
2006-92,2006,0.00,Dept027,01,01.1,01.1.3,P22 S020519,ID,CUR,CG,WALES
2007-92,2007,0.00,Dept027,01,01.1,01.1.3,P22 S020519,ID,CUR,CG,WALES
2008-92,2008,0.00,Dept027,01,01.1,01.1.3,P22 S020519,ID,CUR,CG,WALES
2009-92,2009,0.00,Dept027,01,01.1,01.1.3,P22 S020519,ID,CUR,CG,WALES
2010-92,2010,0.00,Dept027,01,01.1,01.1.3,P22 S020519,ID,CUR,CG,WALES
2004-93,2004,0.00,Dept027,01,01.1,01.1.3,P22 S020519,ID,CUR,CG,NORTHERN IRELAND
2005-93,2005,0.00,Dept027,01,01.1,01.1.3,P22 S020519,ID,CUR,CG,NORTHERN IRELAND
2006-93,2006,0.00,Dept027,01,01.1,01.1.3,P22 S020519,ID,CUR,CG,NORTHERN IRELAND
2007-93,2007,0.00,Dept027,01,01.1,01.1.3,P22 S020519,ID,CUR,CG,NORTHERN IRELAND
2008-93,2008,0.00,Dept027,01,01.1,01.1.3,P22 S020519,ID,CUR,CG,NORTHERN IRELAND
2009-93,2009,0.00,Dept027,01,01.1,01.1.3,P22 S020519,ID,CUR,CG,NORTHERN IRELAND
2010-93,2010,0.00,Dept027,01,01.1,01.1.3,P22 S020519,ID,CUR,CG,NORTHERN IRELAND
2004-94,2004,0.00,Dept027,01,01.1,01.1.3,P22 S020519,ID,CUR,CG,ENGLAND_North East
2005-94,2005,0.00,Dept027,01,01.1,01.1.3,P22 S020519,ID,CUR,CG,ENGLAND_North East
2006-94,2006,0.00,Dept027,01,01.1,01.1.3,P22 S020519,ID,CUR,CG,ENGLAND_North East
2007-94,2007,0.00,Dept027,01,01.1,01.1.3,P22 S020519,ID,CUR,CG,ENGLAND_North East
2008-94,2008,0.00,Dept027,01,01.1,01.1.3,P22 S020519,ID,CUR,CG,ENGLAND_North East
2009-94,2009,0.00,Dept027,01,01.1,01.1.3,P22 S020519,ID,CUR,CG,ENGLAND_North East
2010-94,2010,0.00,Dept027,01,01.1,01.1.3,P22 S020519,ID,CUR,CG,ENGLAND_North East
2004-95,2004,0.00,Dept027,01,01.1,01.1.3,P22 S020519,ID,CUR,CG,ENGLAND_North West
2005-95,2005,0.00,Dept027,01,01.1,01.1.3,P22 S020519,ID,CUR,CG,ENGLAND_North West
2006-95,2006,0.00,Dept027,01,01.1,01.1.3,P22 S020519,ID,CUR,CG,ENGLAND_North West
2007-95,2007,0.00,Dept027,01,01.1,01.1.3,P22 S020519,ID,CUR,CG,ENGLAND_North West
2008-95,2008,0.00,Dept027,01,01.1,01.1.3,P22 S020519,ID,CUR,CG,ENGLAND_North West
2009-95,2009,0.00,Dept027,01,01.1,01.1.3,P22 S020519,ID,CUR,CG,ENGLAND_North West
2010-95,2010,0.00,Dept027,01,01.1,01.1.3,P22 S020519,ID,CUR,CG,ENGLAND_North West
2004-96,2004,0.00,Dept027,01,01.1,01.1.3,P22 S020519,ID,CUR,CG,ENGLAND_Yorkshire and The Humber
2005-96,2005,0.00,Dept027,01,01.1,01.1.3,P22 S020519,ID,CUR,CG,ENGLAND_Yorkshire and The Humber
2006-96,2006,0.00,Dept027,01,01.1,01.1.3,P22 S020519,ID,CUR,CG,ENGLAND_Yorkshire and The Humber
2007-96,2007,0.00,Dept027,01,01.1,01.1.3,P22 S020519,ID,CUR,CG,ENGLAND_Yorkshire and The Humber
2008-96,2008,0.00,Dept027,01,01.1,01.1.3,P22 S020519,ID,CUR,CG,ENGLAND_Yorkshire and The Humber
2009-96,2009,0.00,Dept027,01,01.1,01.1.3,P22 S020519,ID,CUR,CG,ENGLAND_Yorkshire and The Humber
2010-96,2010,0.00,Dept027,01,01.1,01.1.3,P22 S020519,ID,CUR,CG,ENGLAND_Yorkshire and The Humber
2004-97,2004,0.00,Dept027,01,01.1,01.1.3,P22 S020519,ID,CUR,CG,ENGLAND_East Midlands
2005-97,2005,0.00,Dept027,01,01.1,01.1.3,P22 S020519,ID,CUR,CG,ENGLAND_East Midlands
2006-97,2006,0.00,Dept027,01,01.1,01.1.3,P22 S020519,ID,CUR,CG,ENGLAND_East Midlands
2007-97,2007,0.00,Dept027,01,01.1,01.1.3,P22 S020519,ID,CUR,CG,ENGLAND_East Midlands
2008-97,2008,0.00,Dept027,01,01.1,01.1.3,P22 S020519,ID,CUR,CG,ENGLAND_East Midlands
2009-97,2009,0.00,Dept027,01,01.1,01.1.3,P22 S020519,ID,CUR,CG,ENGLAND_East Midlands
2010-97,2010,0.00,Dept027,01,01.1,01.1.3,P22 S020519,ID,CUR,CG,ENGLAND_East Midlands
2004-98,2004,0.00,Dept027,01,01.1,01.1.3,P22 S020519,ID,CUR,CG,ENGLAND_West Midlands
2005-98,2005,0.00,Dept027,01,01.1,01.1.3,P22 S020519,ID,CUR,CG,ENGLAND_West Midlands
2006-98,2006,0.00,Dept027,01,01.1,01.1.3,P22 S020519,ID,CUR,CG,ENGLAND_West Midlands
2007-98,2007,0.00,Dept027,01,01.1,01.1.3,P22 S020519,ID,CUR,CG,ENGLAND_West Midlands
2008-98,2008,0.00,Dept027,01,01.1,01.1.3,P22 S020519,ID,CUR,CG,ENGLAND_West Midlands
2009-98,2009,0.00,Dept027,01,01.1,01.1.3,P22 S020519,ID,CUR,CG,ENGLAND_West Midlands
2010-98,2010,0.00,Dept027,01,01.1,01.1.3,P22 S020519,ID,CUR,CG,ENGLAND_West Midlands
2004-99,2004,0.00,Dept027,01,01.1,01.1.3,P22 S020519,ID,CUR,CG,ENGLAND_East
2005-99,2005,0.00,Dept027,01,01.1,01.1.3,P22 S020519,ID,CUR,CG,ENGLAND_East
2006-99,2006,0.00,Dept027,01,01.1,01.1.3,P22 S020519,ID,CUR,CG,ENGLAND_East
2007-99,2007,0.00,Dept027,01,01.1,01.1.3,P22 S020519,ID,CUR,CG,ENGLAND_East
2008-99,2008,0.00,Dept027,01,01.1,01.1.3,P22 S020519,ID,CUR,CG,ENGLAND_East
2009-99,2009,0.00,Dept027,01,01.1,01.1.3,P22 S020519,ID,CUR,CG,ENGLAND_East
2010-99,2010,0.00,Dept027,01,01.1,01.1.3,P22 S020519,ID,CUR,CG,ENGLAND_East
2004-100,2004,0.00,Dept027,01,01.1,01.1.3,P22 S020519,ID,CUR,CG,ENGLAND_London
2005-100,2005,0.00,Dept027,01,01.1,01.1.3,P22 S020519,ID,CUR,CG,ENGLAND_London
2006-100,2006,0.00,Dept027,01,01.1,01.1.3,P22 S020519,ID,CUR,CG,ENGLAND_London
2007-100,2007,0.00,Dept027,01,01.1,01.1.3,P22 S020519,ID,CUR,CG,ENGLAND_London
2008-100,2008,0.00,Dept027,01,01.1,01.1.3,P22 S020519,ID,CUR,CG,ENGLAND_London
2009-100,2009,0.00,Dept027,01,01.1,01.1.3,P22 S020519,ID,CUR,CG,ENGLAND_London
2010-100,2010,0.00,Dept027,01,01.1,01.1.3,P22 S020519,ID,CUR,CG,ENGLAND_London
2004-101,2004,0.00,Dept027,01,01.1,01.1.3,P22 S020519,ID,CUR,CG,ENGLAND_South East
2005-101,2005,0.00,Dept027,01,01.1,01.1.3,P22 S020519,ID,CUR,CG,ENGLAND_South East
2006-101,2006,0.00,Dept027,01,01.1,01.1.3,P22 S020519,ID,CUR,CG,ENGLAND_South East
2007-101,2007,0.00,Dept027,01,01.1,01.1.3,P22 S020519,ID,CUR,CG,ENGLAND_South East
2008-101,2008,0.00,Dept027,01,01.1,01.1.3,P22 S020519,ID,CUR,CG,ENGLAND_South East
2009-101,2009,0.00,Dept027,01,01.1,01.1.3,P22 S020519,ID,CUR,CG,ENGLAND_South East
2010-101,2010,0.00,Dept027,01,01.1,01.1.3,P22 S020519,ID,CUR,CG,ENGLAND_South East
2004-102,2004,0.00,Dept027,01,01.1,01.1.3,P22 S020519,ID,CUR,CG,ENGLAND_South West
2005-102,2005,0.00,Dept027,01,01.1,01.1.3,P22 S020519,ID,CUR,CG,ENGLAND_South West
2006-102,2006,0.00,Dept027,01,01.1,01.1.3,P22 S020519,ID,CUR,CG,ENGLAND_South West
2007-102,2007,0.00,Dept027,01,01.1,01.1.3,P22 S020519,ID,CUR,CG,ENGLAND_South West
2008-102,2008,0.00,Dept027,01,01.1,01.1.3,P22 S020519,ID,CUR,CG,ENGLAND_South West
2009-102,2009,0.00,Dept027,01,01.1,01.1.3,P22 S020519,ID,CUR,CG,ENGLAND_South West
2010-102,2010,0.00,Dept027,01,01.1,01.1.3,P22 S020519,ID,CUR,CG,ENGLAND_South West
2004-103,2004,13401000.00,Dept027,01,01.1,01.1.3,P22 S020519,ID,CUR,CG,OUTSIDE UK
2005-103,2005,2203000.00,Dept027,01,01.1,01.1.3,P22 S020519,ID,CUR,CG,OUTSIDE UK
2006-103,2006,3485000.00,Dept027,01,01.1,01.1.3,P22 S020519,ID,CUR,CG,OUTSIDE UK
2007-103,2007,7642000.00,Dept027,01,01.1,01.1.3,P22 S020519,ID,CUR,CG,OUTSIDE UK
2008-103,2008,11420000.00,Dept027,01,01.1,01.1.3,P22 S020519,ID,CUR,CG,OUTSIDE UK
2009-103,2009,55815000.00,Dept027,01,01.1,01.1.3,P22 S020519,ID,CUR,CG,OUTSIDE UK
2010-103,2010,0.00,Dept027,01,01.1,01.1.3,P22 S020519,ID,CUR,CG,OUTSIDE UK
2004-104,2004,0.00,Dept027,01,01.1,01.1.3,P22 S020520,ID,CUR,CG,SCOTLAND
2005-104,2005,0.00,Dept027,01,01.1,01.1.3,P22 S020520,ID,CUR,CG,SCOTLAND
2006-104,2006,0.00,Dept027,01,01.1,01.1.3,P22 S020520,ID,CUR,CG,SCOTLAND
2007-104,2007,0.00,Dept027,01,01.1,01.1.3,P22 S020520,ID,CUR,CG,SCOTLAND
2008-104,2008,0.00,Dept027,01,01.1,01.1.3,P22 S020520,ID,CUR,CG,SCOTLAND
2009-104,2009,0.00,Dept027,01,01.1,01.1.3,P22 S020520,ID,CUR,CG,SCOTLAND
2010-104,2010,0.00,Dept027,01,01.1,01.1.3,P22 S020520,ID,CUR,CG,SCOTLAND
2004-105,2004,0.00,Dept027,01,01.1,01.1.3,P22 S020520,ID,CUR,CG,WALES
2005-105,2005,0.00,Dept027,01,01.1,01.1.3,P22 S020520,ID,CUR,CG,WALES
2006-105,2006,0.00,Dept027,01,01.1,01.1.3,P22 S020520,ID,CUR,CG,WALES
2007-105,2007,0.00,Dept027,01,01.1,01.1.3,P22 S020520,ID,CUR,CG,WALES
2008-105,2008,0.00,Dept027,01,01.1,01.1.3,P22 S020520,ID,CUR,CG,WALES
2009-105,2009,0.00,Dept027,01,01.1,01.1.3,P22 S020520,ID,CUR,CG,WALES
2010-105,2010,0.00,Dept027,01,01.1,01.1.3,P22 S020520,ID,CUR,CG,WALES
2004-106,2004,0.00,Dept027,01,01.1,01.1.3,P22 S020520,ID,CUR,CG,NORTHERN IRELAND
2005-106,2005,0.00,Dept027,01,01.1,01.1.3,P22 S020520,ID,CUR,CG,NORTHERN IRELAND
2006-106,2006,0.00,Dept027,01,01.1,01.1.3,P22 S020520,ID,CUR,CG,NORTHERN IRELAND
2007-106,2007,0.00,Dept027,01,01.1,01.1.3,P22 S020520,ID,CUR,CG,NORTHERN IRELAND
2008-106,2008,0.00,Dept027,01,01.1,01.1.3,P22 S020520,ID,CUR,CG,NORTHERN IRELAND
2009-106,2009,0.00,Dept027,01,01.1,01.1.3,P22 S020520,ID,CUR,CG,NORTHERN IRELAND
2010-106,2010,0.00,Dept027,01,01.1,01.1.3,P22 S020520,ID,CUR,CG,NORTHERN IRELAND
2004-107,2004,0.00,Dept027,01,01.1,01.1.3,P22 S020520,ID,CUR,CG,ENGLAND_North East
2005-107,2005,0.00,Dept027,01,01.1,01.1.3,P22 S020520,ID,CUR,CG,ENGLAND_North East
2006-107,2006,0.00,Dept027,01,01.1,01.1.3,P22 S020520,ID,CUR,CG,ENGLAND_North East
2007-107,2007,0.00,Dept027,01,01.1,01.1.3,P22 S020520,ID,CUR,CG,ENGLAND_North East
2008-107,2008,0.00,Dept027,01,01.1,01.1.3,P22 S020520,ID,CUR,CG,ENGLAND_North East
2009-107,2009,0.00,Dept027,01,01.1,01.1.3,P22 S020520,ID,CUR,CG,ENGLAND_North East
2010-107,2010,0.00,Dept027,01,01.1,01.1.3,P22 S020520,ID,CUR,CG,ENGLAND_North East
2004-108,2004,0.00,Dept027,01,01.1,01.1.3,P22 S020520,ID,CUR,CG,ENGLAND_North West
2005-108,2005,0.00,Dept027,01,01.1,01.1.3,P22 S020520,ID,CUR,CG,ENGLAND_North West
2006-108,2006,0.00,Dept027,01,01.1,01.1.3,P22 S020520,ID,CUR,CG,ENGLAND_North West
2007-108,2007,0.00,Dept027,01,01.1,01.1.3,P22 S020520,ID,CUR,CG,ENGLAND_North West
2008-108,2008,0.00,Dept027,01,01.1,01.1.3,P22 S020520,ID,CUR,CG,ENGLAND_North West
2009-108,2009,0.00,Dept027,01,01.1,01.1.3,P22 S020520,ID,CUR,CG,ENGLAND_North West
2010-108,2010,0.00,Dept027,01,01.1,01.1.3,P22 S020520,ID,CUR,CG,ENGLAND_North West
2004-109,2004,0.00,Dept027,01,01.1,01.1.3,P22 S020520,ID,CUR,CG,ENGLAND_Yorkshire and The Humber
2005-109,2005,0.00,Dept027,01,01.1,01.1.3,P22 S020520,ID,CUR,CG,ENGLAND_Yorkshire and The Humber
2006-109,2006,0.00,Dept027,01,01.1,01.1.3,P22 S020520,ID,CUR,CG,ENGLAND_Yorkshire and The Humber
2007-109,2007,0.00,Dept027,01,01.1,01.1.3,P22 S020520,ID,CUR,CG,ENGLAND_Yorkshire and The Humber
2008-109,2008,0.00,Dept027,01,01.1,01.1.3,P22 S020520,ID,CUR,CG,ENGLAND_Yorkshire and The Humber
2009-109,2009,0.00,Dept027,01,01.1,01.1.3,P22 S020520,ID,CUR,CG,ENGLAND_Yorkshire and The Humber
2010-109,2010,0.00,Dept027,01,01.1,01.1.3,P22 S020520,ID,CUR,CG,ENGLAND_Yorkshire and The Humber
2004-110,2004,0.00,Dept027,01,01.1,01.1.3,P22 S020520,ID,CUR,CG,ENGLAND_East Midlands
2005-110,2005,0.00,Dept027,01,01.1,01.1.3,P22 S020520,ID,CUR,CG,ENGLAND_East Midlands
2006-110,2006,0.00,Dept027,01,01.1,01.1.3,P22 S020520,ID,CUR,CG,ENGLAND_East Midlands
2007-110,2007,0.00,Dept027,01,01.1,01.1.3,P22 S020520,ID,CUR,CG,ENGLAND_East Midlands
2008-110,2008,0.00,Dept027,01,01.1,01.1.3,P22 S020520,ID,CUR,CG,ENGLAND_East Midlands
2009-110,2009,0.00,Dept027,01,01.1,01.1.3,P22 S020520,ID,CUR,CG,ENGLAND_East Midlands
2010-110,2010,0.00,Dept027,01,01.1,01.1.3,P22 S020520,ID,CUR,CG,ENGLAND_East Midlands
2004-111,2004,0.00,Dept027,01,01.1,01.1.3,P22 S020520,ID,CUR,CG,ENGLAND_West Midlands
2005-111,2005,0.00,Dept027,01,01.1,01.1.3,P22 S020520,ID,CUR,CG,ENGLAND_West Midlands
2006-111,2006,0.00,Dept027,01,01.1,01.1.3,P22 S020520,ID,CUR,CG,ENGLAND_West Midlands
2007-111,2007,0.00,Dept027,01,01.1,01.1.3,P22 S020520,ID,CUR,CG,ENGLAND_West Midlands
2008-111,2008,0.00,Dept027,01,01.1,01.1.3,P22 S020520,ID,CUR,CG,ENGLAND_West Midlands
2009-111,2009,0.00,Dept027,01,01.1,01.1.3,P22 S020520,ID,CUR,CG,ENGLAND_West Midlands
2010-111,2010,0.00,Dept027,01,01.1,01.1.3,P22 S020520,ID,CUR,CG,ENGLAND_West Midlands
2004-112,2004,0.00,Dept027,01,01.1,01.1.3,P22 S020520,ID,CUR,CG,ENGLAND_East
2005-112,2005,0.00,Dept027,01,01.1,01.1.3,P22 S020520,ID,CUR,CG,ENGLAND_East
2006-112,2006,0.00,Dept027,01,01.1,01.1.3,P22 S020520,ID,CUR,CG,ENGLAND_East
2007-112,2007,0.00,Dept027,01,01.1,01.1.3,P22 S020520,ID,CUR,CG,ENGLAND_East
2008-112,2008,0.00,Dept027,01,01.1,01.1.3,P22 S020520,ID,CUR,CG,ENGLAND_East
2009-112,2009,0.00,Dept027,01,01.1,01.1.3,P22 S020520,ID,CUR,CG,ENGLAND_East
2010-112,2010,0.00,Dept027,01,01.1,01.1.3,P22 S020520,ID,CUR,CG,ENGLAND_East
2004-113,2004,0.00,Dept027,01,01.1,01.1.3,P22 S020520,ID,CUR,CG,ENGLAND_London
2005-113,2005,0.00,Dept027,01,01.1,01.1.3,P22 S020520,ID,CUR,CG,ENGLAND_London
2006-113,2006,0.00,Dept027,01,01.1,01.1.3,P22 S020520,ID,CUR,CG,ENGLAND_London
2007-113,2007,0.00,Dept027,01,01.1,01.1.3,P22 S020520,ID,CUR,CG,ENGLAND_London
2008-113,2008,0.00,Dept027,01,01.1,01.1.3,P22 S020520,ID,CUR,CG,ENGLAND_London
2009-113,2009,0.00,Dept027,01,01.1,01.1.3,P22 S020520,ID,CUR,CG,ENGLAND_London
2010-113,2010,0.00,Dept027,01,01.1,01.1.3,P22 S020520,ID,CUR,CG,ENGLAND_London
2004-114,2004,0.00,Dept027,01,01.1,01.1.3,P22 S020520,ID,CUR,CG,ENGLAND_South East
2005-114,2005,0.00,Dept027,01,01.1,01.1.3,P22 S020520,ID,CUR,CG,ENGLAND_South East
2006-114,2006,0.00,Dept027,01,01.1,01.1.3,P22 S020520,ID,CUR,CG,ENGLAND_South East
2007-114,2007,0.00,Dept027,01,01.1,01.1.3,P22 S020520,ID,CUR,CG,ENGLAND_South East
2008-114,2008,0.00,Dept027,01,01.1,01.1.3,P22 S020520,ID,CUR,CG,ENGLAND_South East
2009-114,2009,0.00,Dept027,01,01.1,01.1.3,P22 S020520,ID,CUR,CG,ENGLAND_South East
2010-114,2010,0.00,Dept027,01,01.1,01.1.3,P22 S020520,ID,CUR,CG,ENGLAND_South East
2004-115,2004,0.00,Dept027,01,01.1,01.1.3,P22 S020520,ID,CUR,CG,ENGLAND_South West
2005-115,2005,0.00,Dept027,01,01.1,01.1.3,P22 S020520,ID,CUR,CG,ENGLAND_South West
2006-115,2006,0.00,Dept027,01,01.1,01.1.3,P22 S020520,ID,CUR,CG,ENGLAND_South West
2007-115,2007,0.00,Dept027,01,01.1,01.1.3,P22 S020520,ID,CUR,CG,ENGLAND_South West
2008-115,2008,0.00,Dept027,01,01.1,01.1.3,P22 S020520,ID,CUR,CG,ENGLAND_South West
2009-115,2009,0.00,Dept027,01,01.1,01.1.3,P22 S020520,ID,CUR,CG,ENGLAND_South West
2010-115,2010,0.00,Dept027,01,01.1,01.1.3,P22 S020520,ID,CUR,CG,ENGLAND_South West
2004-116,2004,52358000.00,Dept027,01,01.1,01.1.3,P22 S020520,ID,CUR,CG,OUTSIDE UK
2005-116,2005,42167000.00,Dept027,01,01.1,01.1.3,P22 S020520,ID,CUR,CG,OUTSIDE UK
2006-116,2006,40638000.00,Dept027,01,01.1,01.1.3,P22 S020520,ID,CUR,CG,OUTSIDE UK
2007-116,2007,48530000.00,Dept027,01,01.1,01.1.3,P22 S020520,ID,CUR,CG,OUTSIDE UK
2008-116,2008,20793000.00,Dept027,01,01.1,01.1.3,P22 S020520,ID,CUR,CG,OUTSIDE UK
2009-116,2009,0.00,Dept027,01,01.1,01.1.3,P22 S020520,ID,CUR,CG,OUTSIDE UK
2010-116,2010,0.00,Dept027,01,01.1,01.1.3,P22 S020520,ID,CUR,CG,OUTSIDE UK
2004-117,2004,0.00,Dept027,01,01.1,01.1.3,P22 S020522,ID,CUR,CG,SCOTLAND
2005-117,2005,0.00,Dept027,01,01.1,01.1.3,P22 S020522,ID,CUR,CG,SCOTLAND
2006-117,2006,0.00,Dept027,01,01.1,01.1.3,P22 S020522,ID,CUR,CG,SCOTLAND
2007-117,2007,0.00,Dept027,01,01.1,01.1.3,P22 S020522,ID,CUR,CG,SCOTLAND
2008-117,2008,0.00,Dept027,01,01.1,01.1.3,P22 S020522,ID,CUR,CG,SCOTLAND
2009-117,2009,0.00,Dept027,01,01.1,01.1.3,P22 S020522,ID,CUR,CG,SCOTLAND
2010-117,2010,0.00,Dept027,01,01.1,01.1.3,P22 S020522,ID,CUR,CG,SCOTLAND
2004-118,2004,0.00,Dept027,01,01.1,01.1.3,P22 S020522,ID,CUR,CG,WALES
2005-118,2005,0.00,Dept027,01,01.1,01.1.3,P22 S020522,ID,CUR,CG,WALES
2006-118,2006,0.00,Dept027,01,01.1,01.1.3,P22 S020522,ID,CUR,CG,WALES
2007-118,2007,0.00,Dept027,01,01.1,01.1.3,P22 S020522,ID,CUR,CG,WALES
2008-118,2008,0.00,Dept027,01,01.1,01.1.3,P22 S020522,ID,CUR,CG,WALES
2009-118,2009,0.00,Dept027,01,01.1,01.1.3,P22 S020522,ID,CUR,CG,WALES
2010-118,2010,0.00,Dept027,01,01.1,01.1.3,P22 S020522,ID,CUR,CG,WALES
2004-119,2004,0.00,Dept027,01,01.1,01.1.3,P22 S020522,ID,CUR,CG,NORTHERN IRELAND
2005-119,2005,0.00,Dept027,01,01.1,01.1.3,P22 S020522,ID,CUR,CG,NORTHERN IRELAND
2006-119,2006,0.00,Dept027,01,01.1,01.1.3,P22 S020522,ID,CUR,CG,NORTHERN IRELAND
2007-119,2007,0.00,Dept027,01,01.1,01.1.3,P22 S020522,ID,CUR,CG,NORTHERN IRELAND
2008-119,2008,0.00,Dept027,01,01.1,01.1.3,P22 S020522,ID,CUR,CG,NORTHERN IRELAND
2009-119,2009,0.00,Dept027,01,01.1,01.1.3,P22 S020522,ID,CUR,CG,NORTHERN IRELAND
2010-119,2010,0.00,Dept027,01,01.1,01.1.3,P22 S020522,ID,CUR,CG,NORTHERN IRELAND
2004-120,2004,0.00,Dept027,01,01.1,01.1.3,P22 S020522,ID,CUR,CG,ENGLAND_North East
2005-120,2005,0.00,Dept027,01,01.1,01.1.3,P22 S020522,ID,CUR,CG,ENGLAND_North East
2006-120,2006,0.00,Dept027,01,01.1,01.1.3,P22 S020522,ID,CUR,CG,ENGLAND_North East
2007-120,2007,0.00,Dept027,01,01.1,01.1.3,P22 S020522,ID,CUR,CG,ENGLAND_North East
2008-120,2008,0.00,Dept027,01,01.1,01.1.3,P22 S020522,ID,CUR,CG,ENGLAND_North East
2009-120,2009,0.00,Dept027,01,01.1,01.1.3,P22 S020522,ID,CUR,CG,ENGLAND_North East
2010-120,2010,0.00,Dept027,01,01.1,01.1.3,P22 S020522,ID,CUR,CG,ENGLAND_North East
2004-121,2004,0.00,Dept027,01,01.1,01.1.3,P22 S020522,ID,CUR,CG,ENGLAND_North West
2005-121,2005,0.00,Dept027,01,01.1,01.1.3,P22 S020522,ID,CUR,CG,ENGLAND_North West
2006-121,2006,0.00,Dept027,01,01.1,01.1.3,P22 S020522,ID,CUR,CG,ENGLAND_North West
2007-121,2007,0.00,Dept027,01,01.1,01.1.3,P22 S020522,ID,CUR,CG,ENGLAND_North West
2008-121,2008,0.00,Dept027,01,01.1,01.1.3,P22 S020522,ID,CUR,CG,ENGLAND_North West
2009-121,2009,0.00,Dept027,01,01.1,01.1.3,P22 S020522,ID,CUR,CG,ENGLAND_North West
2010-121,2010,0.00,Dept027,01,01.1,01.1.3,P22 S020522,ID,CUR,CG,ENGLAND_North West
2004-122,2004,0.00,Dept027,01,01.1,01.1.3,P22 S020522,ID,CUR,CG,ENGLAND_Yorkshire and The Humber
2005-122,2005,0.00,Dept027,01,01.1,01.1.3,P22 S020522,ID,CUR,CG,ENGLAND_Yorkshire and The Humber
2006-122,2006,0.00,Dept027,01,01.1,01.1.3,P22 S020522,ID,CUR,CG,ENGLAND_Yorkshire and The Humber
2007-122,2007,0.00,Dept027,01,01.1,01.1.3,P22 S020522,ID,CUR,CG,ENGLAND_Yorkshire and The Humber
2008-122,2008,0.00,Dept027,01,01.1,01.1.3,P22 S020522,ID,CUR,CG,ENGLAND_Yorkshire and The Humber
2009-122,2009,0.00,Dept027,01,01.1,01.1.3,P22 S020522,ID,CUR,CG,ENGLAND_Yorkshire and The Humber
2010-122,2010,0.00,Dept027,01,01.1,01.1.3,P22 S020522,ID,CUR,CG,ENGLAND_Yorkshire and The Humber
2004-123,2004,0.00,Dept027,01,01.1,01.1.3,P22 S020522,ID,CUR,CG,ENGLAND_East Midlands
2005-123,2005,0.00,Dept027,01,01.1,01.1.3,P22 S020522,ID,CUR,CG,ENGLAND_East Midlands
2006-123,2006,0.00,Dept027,01,01.1,01.1.3,P22 S020522,ID,CUR,CG,ENGLAND_East Midlands
2007-123,2007,0.00,Dept027,01,01.1,01.1.3,P22 S020522,ID,CUR,CG,ENGLAND_East Midlands
2008-123,2008,0.00,Dept027,01,01.1,01.1.3,P22 S020522,ID,CUR,CG,ENGLAND_East Midlands
2009-123,2009,0.00,Dept027,01,01.1,01.1.3,P22 S020522,ID,CUR,CG,ENGLAND_East Midlands
2010-123,2010,0.00,Dept027,01,01.1,01.1.3,P22 S020522,ID,CUR,CG,ENGLAND_East Midlands
2004-124,2004,0.00,Dept027,01,01.1,01.1.3,P22 S020522,ID,CUR,CG,ENGLAND_West Midlands
2005-124,2005,0.00,Dept027,01,01.1,01.1.3,P22 S020522,ID,CUR,CG,ENGLAND_West Midlands
2006-124,2006,0.00,Dept027,01,01.1,01.1.3,P22 S020522,ID,CUR,CG,ENGLAND_West Midlands
2007-124,2007,0.00,Dept027,01,01.1,01.1.3,P22 S020522,ID,CUR,CG,ENGLAND_West Midlands
2008-124,2008,0.00,Dept027,01,01.1,01.1.3,P22 S020522,ID,CUR,CG,ENGLAND_West Midlands
2009-124,2009,0.00,Dept027,01,01.1,01.1.3,P22 S020522,ID,CUR,CG,ENGLAND_West Midlands
2010-124,2010,0.00,Dept027,01,01.1,01.1.3,P22 S020522,ID,CUR,CG,ENGLAND_West Midlands
2004-125,2004,0.00,Dept027,01,01.1,01.1.3,P22 S020522,ID,CUR,CG,ENGLAND_East
2005-125,2005,0.00,Dept027,01,01.1,01.1.3,P22 S020522,ID,CUR,CG,ENGLAND_East
2006-125,2006,0.00,Dept027,01,01.1,01.1.3,P22 S020522,ID,CUR,CG,ENGLAND_East
2007-125,2007,0.00,Dept027,01,01.1,01.1.3,P22 S020522,ID,CUR,CG,ENGLAND_East
2008-125,2008,0.00,Dept027,01,01.1,01.1.3,P22 S020522,ID,CUR,CG,ENGLAND_East
2009-125,2009,0.00,Dept027,01,01.1,01.1.3,P22 S020522,ID,CUR,CG,ENGLAND_East
2010-125,2010,0.00,Dept027,01,01.1,01.1.3,P22 S020522,ID,CUR,CG,ENGLAND_East
2004-126,2004,0.00,Dept027,01,01.1,01.1.3,P22 S020522,ID,CUR,CG,ENGLAND_London
2005-126,2005,0.00,Dept027,01,01.1,01.1.3,P22 S020522,ID,CUR,CG,ENGLAND_London
2006-126,2006,0.00,Dept027,01,01.1,01.1.3,P22 S020522,ID,CUR,CG,ENGLAND_London
2007-126,2007,0.00,Dept027,01,01.1,01.1.3,P22 S020522,ID,CUR,CG,ENGLAND_London
2008-126,2008,0.00,Dept027,01,01.1,01.1.3,P22 S020522,ID,CUR,CG,ENGLAND_London
2009-126,2009,0.00,Dept027,01,01.1,01.1.3,P22 S020522,ID,CUR,CG,ENGLAND_London
2010-126,2010,0.00,Dept027,01,01.1,01.1.3,P22 S020522,ID,CUR,CG,ENGLAND_London
2004-127,2004,0.00,Dept027,01,01.1,01.1.3,P22 S020522,ID,CUR,CG,ENGLAND_South East
2005-127,2005,0.00,Dept027,01,01.1,01.1.3,P22 S020522,ID,CUR,CG,ENGLAND_South East
2006-127,2006,0.00,Dept027,01,01.1,01.1.3,P22 S020522,ID,CUR,CG,ENGLAND_South East
2007-127,2007,0.00,Dept027,01,01.1,01.1.3,P22 S020522,ID,CUR,CG,ENGLAND_South East
2008-127,2008,0.00,Dept027,01,01.1,01.1.3,P22 S020522,ID,CUR,CG,ENGLAND_South East
2009-127,2009,0.00,Dept027,01,01.1,01.1.3,P22 S020522,ID,CUR,CG,ENGLAND_South East
2010-127,2010,0.00,Dept027,01,01.1,01.1.3,P22 S020522,ID,CUR,CG,ENGLAND_South East
2004-128,2004,0.00,Dept027,01,01.1,01.1.3,P22 S020522,ID,CUR,CG,ENGLAND_South West
2005-128,2005,0.00,Dept027,01,01.1,01.1.3,P22 S020522,ID,CUR,CG,ENGLAND_South West
2006-128,2006,0.00,Dept027,01,01.1,01.1.3,P22 S020522,ID,CUR,CG,ENGLAND_South West
2007-128,2007,0.00,Dept027,01,01.1,01.1.3,P22 S020522,ID,CUR,CG,ENGLAND_South West
2008-128,2008,0.00,Dept027,01,01.1,01.1.3,P22 S020522,ID,CUR,CG,ENGLAND_South West
2009-128,2009,0.00,Dept027,01,01.1,01.1.3,P22 S020522,ID,CUR,CG,ENGLAND_South West
2010-128,2010,0.00,Dept027,01,01.1,01.1.3,P22 S020522,ID,CUR,CG,ENGLAND_South West
2004-129,2004,140952000.00,Dept027,01,01.1,01.1.3,P22 S020522,ID,CUR,CG,OUTSIDE UK
2005-129,2005,164517000.00,Dept027,01,01.1,01.1.3,P22 S020522,ID,CUR,CG,OUTSIDE UK
2006-129,2006,198255000.00,Dept027,01,01.1,01.1.3,P22 S020522,ID,CUR,CG,OUTSIDE UK
2007-129,2007,204855000.00,Dept027,01,01.1,01.1.3,P22 S020522,ID,CUR,CG,OUTSIDE UK
2008-129,2008,253325000.00,Dept027,01,01.1,01.1.3,P22 S020522,ID,CUR,CG,OUTSIDE UK
2009-129,2009,353430000.00,Dept027,01,01.1,01.1.3,P22 S020522,ID,CUR,CG,OUTSIDE UK
2010-129,2010,0.00,Dept027,01,01.1,01.1.3,P22 S020522,ID,CUR,CG,OUTSIDE UK
2004-130,2004,0.00,Dept027,01,01.1,01.1.3,P22 S020523,ID,CUR,CG,SCOTLAND
2005-130,2005,0.00,Dept027,01,01.1,01.1.3,P22 S020523,ID,CUR,CG,SCOTLAND
2006-130,2006,0.00,Dept027,01,01.1,01.1.3,P22 S020523,ID,CUR,CG,SCOTLAND
2007-130,2007,0.00,Dept027,01,01.1,01.1.3,P22 S020523,ID,CUR,CG,SCOTLAND
2008-130,2008,0.00,Dept027,01,01.1,01.1.3,P22 S020523,ID,CUR,CG,SCOTLAND
2009-130,2009,0.00,Dept027,01,01.1,01.1.3,P22 S020523,ID,CUR,CG,SCOTLAND
2010-130,2010,0.00,Dept027,01,01.1,01.1.3,P22 S020523,ID,CUR,CG,SCOTLAND
2004-131,2004,0.00,Dept027,01,01.1,01.1.3,P22 S020523,ID,CUR,CG,WALES
2005-131,2005,0.00,Dept027,01,01.1,01.1.3,P22 S020523,ID,CUR,CG,WALES
2006-131,2006,0.00,Dept027,01,01.1,01.1.3,P22 S020523,ID,CUR,CG,WALES
2007-131,2007,0.00,Dept027,01,01.1,01.1.3,P22 S020523,ID,CUR,CG,WALES
2008-131,2008,0.00,Dept027,01,01.1,01.1.3,P22 S020523,ID,CUR,CG,WALES
2009-131,2009,0.00,Dept027,01,01.1,01.1.3,P22 S020523,ID,CUR,CG,WALES
2010-131,2010,0.00,Dept027,01,01.1,01.1.3,P22 S020523,ID,CUR,CG,WALES
2004-132,2004,0.00,Dept027,01,01.1,01.1.3,P22 S020523,ID,CUR,CG,NORTHERN IRELAND
2005-132,2005,0.00,Dept027,01,01.1,01.1.3,P22 S020523,ID,CUR,CG,NORTHERN IRELAND
2006-132,2006,0.00,Dept027,01,01.1,01.1.3,P22 S020523,ID,CUR,CG,NORTHERN IRELAND
2007-132,2007,0.00,Dept027,01,01.1,01.1.3,P22 S020523,ID,CUR,CG,NORTHERN IRELAND
2008-132,2008,0.00,Dept027,01,01.1,01.1.3,P22 S020523,ID,CUR,CG,NORTHERN IRELAND
2009-132,2009,0.00,Dept027,01,01.1,01.1.3,P22 S020523,ID,CUR,CG,NORTHERN IRELAND
2010-132,2010,0.00,Dept027,01,01.1,01.1.3,P22 S020523,ID,CUR,CG,NORTHERN IRELAND
2004-133,2004,0.00,Dept027,01,01.1,01.1.3,P22 S020523,ID,CUR,CG,ENGLAND_North East
2005-133,2005,0.00,Dept027,01,01.1,01.1.3,P22 S020523,ID,CUR,CG,ENGLAND_North East
2006-133,2006,0.00,Dept027,01,01.1,01.1.3,P22 S020523,ID,CUR,CG,ENGLAND_North East
2007-133,2007,0.00,Dept027,01,01.1,01.1.3,P22 S020523,ID,CUR,CG,ENGLAND_North East
2008-133,2008,0.00,Dept027,01,01.1,01.1.3,P22 S020523,ID,CUR,CG,ENGLAND_North East
2009-133,2009,0.00,Dept027,01,01.1,01.1.3,P22 S020523,ID,CUR,CG,ENGLAND_North East
2010-133,2010,0.00,Dept027,01,01.1,01.1.3,P22 S020523,ID,CUR,CG,ENGLAND_North East
2004-134,2004,0.00,Dept027,01,01.1,01.1.3,P22 S020523,ID,CUR,CG,ENGLAND_North West
2005-134,2005,0.00,Dept027,01,01.1,01.1.3,P22 S020523,ID,CUR,CG,ENGLAND_North West
2006-134,2006,0.00,Dept027,01,01.1,01.1.3,P22 S020523,ID,CUR,CG,ENGLAND_North West
2007-134,2007,0.00,Dept027,01,01.1,01.1.3,P22 S020523,ID,CUR,CG,ENGLAND_North West
2008-134,2008,0.00,Dept027,01,01.1,01.1.3,P22 S020523,ID,CUR,CG,ENGLAND_North West
2009-134,2009,0.00,Dept027,01,01.1,01.1.3,P22 S020523,ID,CUR,CG,ENGLAND_North West
2010-134,2010,0.00,Dept027,01,01.1,01.1.3,P22 S020523,ID,CUR,CG,ENGLAND_North West
2004-135,2004,0.00,Dept027,01,01.1,01.1.3,P22 S020523,ID,CUR,CG,ENGLAND_Yorkshire and The Humber
2005-135,2005,0.00,Dept027,01,01.1,01.1.3,P22 S020523,ID,CUR,CG,ENGLAND_Yorkshire and The Humber
2006-135,2006,0.00,Dept027,01,01.1,01.1.3,P22 S020523,ID,CUR,CG,ENGLAND_Yorkshire and The Humber
2007-135,2007,0.00,Dept027,01,01.1,01.1.3,P22 S020523,ID,CUR,CG,ENGLAND_Yorkshire and The Humber
2008-135,2008,0.00,Dept027,01,01.1,01.1.3,P22 S020523,ID,CUR,CG,ENGLAND_Yorkshire and The Humber
2009-135,2009,0.00,Dept027,01,01.1,01.1.3,P22 S020523,ID,CUR,CG,ENGLAND_Yorkshire and The Humber
2010-135,2010,0.00,Dept027,01,01.1,01.1.3,P22 S020523,ID,CUR,CG,ENGLAND_Yorkshire and The Humber
2004-136,2004,0.00,Dept027,01,01.1,01.1.3,P22 S020523,ID,CUR,CG,ENGLAND_East Midlands
2005-136,2005,0.00,Dept027,01,01.1,01.1.3,P22 S020523,ID,CUR,CG,ENGLAND_East Midlands
2006-136,2006,0.00,Dept027,01,01.1,01.1.3,P22 S020523,ID,CUR,CG,ENGLAND_East Midlands
2007-136,2007,0.00,Dept027,01,01.1,01.1.3,P22 S020523,ID,CUR,CG,ENGLAND_East Midlands
2008-136,2008,0.00,Dept027,01,01.1,01.1.3,P22 S020523,ID,CUR,CG,ENGLAND_East Midlands
2009-136,2009,0.00,Dept027,01,01.1,01.1.3,P22 S020523,ID,CUR,CG,ENGLAND_East Midlands
2010-136,2010,0.00,Dept027,01,01.1,01.1.3,P22 S020523,ID,CUR,CG,ENGLAND_East Midlands
2004-137,2004,0.00,Dept027,01,01.1,01.1.3,P22 S020523,ID,CUR,CG,ENGLAND_West Midlands
2005-137,2005,0.00,Dept027,01,01.1,01.1.3,P22 S020523,ID,CUR,CG,ENGLAND_West Midlands
2006-137,2006,0.00,Dept027,01,01.1,01.1.3,P22 S020523,ID,CUR,CG,ENGLAND_West Midlands
2007-137,2007,0.00,Dept027,01,01.1,01.1.3,P22 S020523,ID,CUR,CG,ENGLAND_West Midlands
2008-137,2008,0.00,Dept027,01,01.1,01.1.3,P22 S020523,ID,CUR,CG,ENGLAND_West Midlands
2009-137,2009,0.00,Dept027,01,01.1,01.1.3,P22 S020523,ID,CUR,CG,ENGLAND_West Midlands
2010-137,2010,0.00,Dept027,01,01.1,01.1.3,P22 S020523,ID,CUR,CG,ENGLAND_West Midlands
2004-138,2004,0.00,Dept027,01,01.1,01.1.3,P22 S020523,ID,CUR,CG,ENGLAND_East
2005-138,2005,0.00,Dept027,01,01.1,01.1.3,P22 S020523,ID,CUR,CG,ENGLAND_East
2006-138,2006,0.00,Dept027,01,01.1,01.1.3,P22 S020523,ID,CUR,CG,ENGLAND_East
2007-138,2007,0.00,Dept027,01,01.1,01.1.3,P22 S020523,ID,CUR,CG,ENGLAND_East
2008-138,2008,0.00,Dept027,01,01.1,01.1.3,P22 S020523,ID,CUR,CG,ENGLAND_East
2009-138,2009,0.00,Dept027,01,01.1,01.1.3,P22 S020523,ID,CUR,CG,ENGLAND_East
2010-138,2010,0.00,Dept027,01,01.1,01.1.3,P22 S020523,ID,CUR,CG,ENGLAND_East
2004-139,2004,0.00,Dept027,01,01.1,01.1.3,P22 S020523,ID,CUR,CG,ENGLAND_London
2005-139,2005,0.00,Dept027,01,01.1,01.1.3,P22 S020523,ID,CUR,CG,ENGLAND_London
2006-139,2006,0.00,Dept027,01,01.1,01.1.3,P22 S020523,ID,CUR,CG,ENGLAND_London
2007-139,2007,0.00,Dept027,01,01.1,01.1.3,P22 S020523,ID,CUR,CG,ENGLAND_London
2008-139,2008,0.00,Dept027,01,01.1,01.1.3,P22 S020523,ID,CUR,CG,ENGLAND_London
2009-139,2009,0.00,Dept027,01,01.1,01.1.3,P22 S020523,ID,CUR,CG,ENGLAND_London
2010-139,2010,0.00,Dept027,01,01.1,01.1.3,P22 S020523,ID,CUR,CG,ENGLAND_London
2004-140,2004,0.00,Dept027,01,01.1,01.1.3,P22 S020523,ID,CUR,CG,ENGLAND_South East
2005-140,2005,0.00,Dept027,01,01.1,01.1.3,P22 S020523,ID,CUR,CG,ENGLAND_South East
2006-140,2006,0.00,Dept027,01,01.1,01.1.3,P22 S020523,ID,CUR,CG,ENGLAND_South East
2007-140,2007,0.00,Dept027,01,01.1,01.1.3,P22 S020523,ID,CUR,CG,ENGLAND_South East
2008-140,2008,0.00,Dept027,01,01.1,01.1.3,P22 S020523,ID,CUR,CG,ENGLAND_South East
2009-140,2009,0.00,Dept027,01,01.1,01.1.3,P22 S020523,ID,CUR,CG,ENGLAND_South East
2010-140,2010,0.00,Dept027,01,01.1,01.1.3,P22 S020523,ID,CUR,CG,ENGLAND_South East
2004-141,2004,0.00,Dept027,01,01.1,01.1.3,P22 S020523,ID,CUR,CG,ENGLAND_South West
2005-141,2005,0.00,Dept027,01,01.1,01.1.3,P22 S020523,ID,CUR,CG,ENGLAND_South West
2006-141,2006,0.00,Dept027,01,01.1,01.1.3,P22 S020523,ID,CUR,CG,ENGLAND_South West
2007-141,2007,0.00,Dept027,01,01.1,01.1.3,P22 S020523,ID,CUR,CG,ENGLAND_South West
2008-141,2008,0.00,Dept027,01,01.1,01.1.3,P22 S020523,ID,CUR,CG,ENGLAND_South West
2009-141,2009,0.00,Dept027,01,01.1,01.1.3,P22 S020523,ID,CUR,CG,ENGLAND_South West
2010-141,2010,0.00,Dept027,01,01.1,01.1.3,P22 S020523,ID,CUR,CG,ENGLAND_South West
2004-142,2004,84707000.00,Dept027,01,01.1,01.1.3,P22 S020523,ID,CUR,CG,OUTSIDE UK
2005-142,2005,87368000.00,Dept027,01,01.1,01.1.3,P22 S020523,ID,CUR,CG,OUTSIDE UK
2006-142,2006,103202000.00,Dept027,01,01.1,01.1.3,P22 S020523,ID,CUR,CG,OUTSIDE UK
2007-142,2007,111083000.00,Dept027,01,01.1,01.1.3,P22 S020523,ID,CUR,CG,OUTSIDE UK
2008-142,2008,125700000.00,Dept027,01,01.1,01.1.3,P22 S020523,ID,CUR,CG,OUTSIDE UK
